ORIGIN,DEST,CRS_ELAPSED_TIME
ABE,BNA,126.0
ABE,CLT,112.0
ABE,DEN,241.0
ABE,FLL,174.0
ABE,MCO,152.0
ABE,MLB,154.0
ABE,MYR,100.0
ABE,ORD,152.0
ABE,PGD,173.0
ABE,PIE,166.0
ABE,RSW,175.0
ABE,SFB,152.0
ABE,SRQ,168.0
ABI,DFW,61.0
ABQ,ATL,185.0
ABQ,AUS,105.0
ABQ,BNA,160.0
ABQ,BUR,125.0
ABQ,BWI,220.0
ABQ,CLT,218.0
ABQ,DAL,105.0
ABQ,DEN,85.0
ABQ,DFW,110.0
ABQ,DTW,190.0
ABQ,HOU,125.0
ABQ,IAD,224.0
ABQ,IAH,128.0
ABQ,JFK,251.0
ABQ,LAS,100.0
ABQ,LAX,133.0
ABQ,LGB,120.0
ABQ,MCI,115.0
ABQ,MCO,215.0
ABQ,MDW,160.0
ABQ,MSP,153.0
ABQ,OAK,150.0
ABQ,ORD,179.0
ABQ,PDX,180.0
ABQ,PHL,242.5
ABQ,PHX,85.0
ABQ,SAN,115.0
ABQ,SAT,100.0
ABQ,SEA,196.0
ABQ,SFO,164.0
ABQ,SLC,108.0
ABR,MSP,79.0
ABY,ATL,68.0
ACK,BOS,56.0
ACK,CLT,149.0
ACK,DCA,104.0
ACK,HPN,64.0
ACK,JFK,72.0
ACK,LGA,77.0
ACK,ORD,203.0
ACK,PHL,95.0
ACT,BHM,111.0
ACT,DFW,61.0
ACV,DEN,164.0
ACV,LAX,117.0
ACV,SFO,79.0
ACY,FLL,165.0
ACY,MCO,155.0
ACY,MIA,165.0
ACY,MYR,88.0
ACY,PBI,157.0
ACY,RSW,169.0
ACY,SFB,148.0
ACY,TPA,158.0
ADK,ANC,168.0
ADQ,ANC,57.0
AEX,ATL,108.0
AEX,DFW,86.0
AGS,ATL,67.0
AGS,AUS,177.0
AGS,BOS,157.0
AGS,CLT,72.0
AGS,DCA,100.0
AGS,DFW,177.0
AGS,DTW,118.0
AGS,LGA,135.0
AGS,MIA,106.0
AGS,MSP,170.0
AGS,ORD,143.0
AGS,PHL,124.0
AGS,PHX,272.0
AKN,ANC,71.0
ALB,ATL,161.0
ALB,BNA,145.0
ALB,BWI,80.0
ALB,CLT,136.0
ALB,DCA,97.0
ALB,DEN,250.0
ALB,DFW,236.0
ALB,DTW,110.0
ALB,EWR,82.0
ALB,FLL,197.0
ALB,LAS,325.0
ALB,MCO,185.0
ALB,MDW,130.0
ALB,MIA,226.0
ALB,MYR,128.0
ALB,ORD,156.0
ALB,PGD,198.0
ALB,PIE,189.0
ALB,RSW,200.0
ALB,SFB,174.0
ALB,SRQ,195.0
ALB,TPA,190.0
ALO,ORD,84.0
AMA,AUS,80.0
AMA,DAL,75.0
AMA,DEN,97.0
AMA,DFW,77.0
AMA,HOU,105.0
AMA,IAH,116.0
AMA,LAS,135.0
ANC,ADK,190.0
ANC,ADQ,61.0
ANC,AKN,69.0
ANC,ATL,411.0
ANC,BET,82.0
ANC,BRW,120.0
ANC,CDV,55.0
ANC,DEN,318.0
ANC,DFW,390.0
ANC,DLG,75.0
ANC,DTW,375.0
ANC,EWR,419.0
ANC,FAI,65.0
ANC,HNL,377.0
ANC,IAD,417.0
ANC,IAH,417.0
ANC,JFK,433.0
ANC,JNU,101.0
ANC,KOA,388.0
ANC,LAS,313.0
ANC,LAX,321.0
ANC,MSP,325.0
ANC,OGG,386.0
ANC,OME,97.0
ANC,ORD,377.0
ANC,OTZ,99.0
ANC,PDX,216.0
ANC,PHX,332.0
ANC,SAN,324.0
ANC,SCC,106.0
ANC,SEA,212.0
ANC,SFO,282.0
ANC,SLC,276.0
ANC,SMF,264.0
APN,DTW,70.0
ASE,ATL,201.0
ASE,AUS,147.0
ASE,CLT,224.0
ASE,DEN,73.0
ASE,DFW,137.0
ASE,IAH,167.0
ASE,LAX,150.0
ASE,ORD,180.0
ASE,PHX,120.0
ASE,SFO,165.0
ATL,ABQ,200.0
ATL,ABY,60.0
ATL,AEX,104.0
ATL,AGS,57.0
ATL,ALB,134.0
ATL,ANC,452.0
ATL,ASE,228.0
ATL,ATW,133.0
ATL,AUS,150.0
ATL,AVL,59.0
ATL,BDL,135.0
ATL,BGR,164.0
ATL,BHM,53.0
ATL,BMI,106.0
ATL,BNA,68.0
ATL,BOI,266.0
ATL,BOS,157.0
ATL,BTR,94.0
ATL,BTV,148.0
ATL,BUF,120.0
ATL,BUR,290.0
ATL,BWI,107.0
ATL,BZN,244.0
ATL,CAE,59.0
ATL,CHA,51.0
ATL,CHO,87.0
ATL,CHS,70.0
ATL,CID,125.0
ATL,CLE,105.0
ATL,CLT,74.0
ATL,CMH,90.0
ATL,COS,188.0
ATL,CRW,84.0
ATL,CVG,84.0
ATL,DAB,78.0
ATL,DAL,135.0
ATL,DAY,90.0
ATL,DCA,105.0
ATL,DEN,200.0
ATL,DFW,148.0
ATL,DHN,62.0
ATL,DSM,132.0
ATL,DTW,117.0
ATL,ECP,66.0
ATL,EGE,215.0
ATL,ELP,197.0
ATL,EVV,86.0
ATL,EWR,132.0
ATL,EYW,112.0
ATL,FAR,187.0
ATL,FAT,287.0
ATL,FAY,79.0
ATL,FLL,112.0
ATL,FSD,156.0
ATL,FWA,105.0
ATL,GEG,284.0
ATL,GNV,71.0
ATL,GPT,83.0
ATL,GRB,128.0
ATL,GRR,112.0
ATL,GSO,74.0
ATL,GSP,55.5
ATL,HDN,228.0
ATL,HHH,75.0
ATL,HNL,599.0
ATL,HOU,130.0
ATL,HPN,139.0
ATL,HSV,57.0
ATL,IAD,106.0
ATL,IAH,136.0
ATL,ICT,136.0
ATL,ILM,81.0
ATL,IND,91.0
ATL,JAC,233.0
ATL,JAN,81.0
ATL,JAX,68.0
ATL,JFK,142.0
ATL,LAS,266.0
ATL,LAX,294.0
ATL,LEX,74.0
ATL,LFT,106.0
ATL,LGA,134.0
ATL,LIT,95.0
ATL,MCI,127.0
ATL,MCO,90.0
ATL,MDT,110.0
ATL,MDW,115.0
ATL,MEM,81.0
ATL,MGM,59.0
ATL,MIA,118.0
ATL,MKE,119.0
ATL,MLB,88.0
ATL,MOB,76.0
ATL,MSN,124.0
ATL,MSP,160.0
ATL,MSY,94.0
ATL,MTJ,228.0
ATL,MYR,72.0
ATL,OGG,609.0
ATL,OKC,135.0
ATL,OMA,142.0
ATL,ONT,274.0
ATL,ORD,134.0
ATL,ORF,94.0
ATL,PBI,107.0
ATL,PDX,313.0
ATL,PHL,121.0
ATL,PHX,249.0
ATL,PIT,98.0
ATL,PNS,71.0
ATL,PSP,283.0
ATL,PVD,139.0
ATL,PWM,156.0
ATL,RAP,189.0
ATL,RDU,83.0
ATL,RIC,93.0
ATL,RNO,285.0
ATL,ROA,84.0
ATL,ROC,124.0
ATL,RSW,99.0
ATL,SAN,279.0
ATL,SAT,149.0
ATL,SAV,64.0
ATL,SBA,303.0
ATL,SBN,113.0
ATL,SDF,80.0
ATL,SEA,330.0
ATL,SFO,315.0
ATL,SGF,110.0
ATL,SHV,110.0
ATL,SJC,301.0
ATL,SJU,210.0
ATL,SLC,248.0
ATL,SMF,303.0
ATL,SNA,283.0
ATL,SRQ,90.0
ATL,STL,102.0
ATL,STT,215.0
ATL,STX,222.0
ATL,SYR,128.0
ATL,TLH,63.0
ATL,TPA,86.0
ATL,TRI,66.0
ATL,TTN,129.0
ATL,TUL,123.0
ATL,TUS,233.0
ATL,TVC,130.0
ATL,TYS,55.0
ATL,VPS,72.0
ATL,XNA,111.0
ATW,ATL,139.0
ATW,AZA,229.0
ATW,BNA,107.0
ATW,CLT,143.0
ATW,DEN,172.0
ATW,DFW,169.0
ATW,DTW,81.0
ATW,EWR,125.0
ATW,FLL,213.0
ATW,GUF,162.0
ATW,IAH,160.0
ATW,LAS,236.0
ATW,MSP,80.0
ATW,ORD,81.0
ATW,PDX,249.0
ATW,PGD,194.0
ATW,PHX,234.5
ATW,PIE,178.0
ATW,RSW,195.0
ATW,SAV,147.0
ATW,SFB,174.0
ATW,SRQ,186.0
ATY,DEN,118.0
ATY,MSP,70.0
AUS,ABQ,115.0
AUS,AGS,141.0
AUS,AMA,85.0
AUS,ASE,181.0
AUS,ATL,136.0
AUS,AVL,140.0
AUS,BNA,125.0
AUS,BOS,240.0
AUS,BUR,200.0
AUS,BWI,190.0
AUS,CHS,155.0
AUS,CLE,176.0
AUS,CLT,165.0
AUS,CMH,155.0
AUS,CVG,149.0
AUS,DAL,65.0
AUS,DCA,190.0
AUS,DEN,141.0
AUS,DFW,73.0
AUS,DSM,128.5
AUS,DTW,177.0
AUS,ECP,120.0
AUS,ELP,100.0
AUS,EWR,221.0
AUS,FLL,162.0
AUS,GNV,142.5
AUS,GRR,162.0
AUS,HNL,525.0
AUS,HOU,60.0
AUS,HRL,70.0
AUS,IAD,196.0
AUS,IAH,66.0
AUS,IND,143.0
AUS,JAX,155.0
AUS,JFK,230.0
AUS,LAS,180.0
AUS,LAX,205.0
AUS,LBB,80.0
AUS,LEX,141.0
AUS,LGB,195.0
AUS,MAF,77.0
AUS,MCI,115.0
AUS,MCO,153.0
AUS,MDW,150.0
AUS,MEM,111.0
AUS,MFE,82.0
AUS,MIA,166.0
AUS,MKE,160.0
AUS,MSN,162.0
AUS,MSP,167.0
AUS,MSY,85.0
AUS,MTJ,150.0
AUS,OAK,230.0
AUS,OKC,80.0
AUS,OMA,130.0
AUS,ONT,190.0
AUS,ORD,168.0
AUS,PDX,257.0
AUS,PHL,208.0
AUS,PHX,155.0
AUS,PIT,174.0
AUS,PNS,105.0
AUS,PSP,198.0
AUS,PVU,172.0
AUS,RDU,170.0
AUS,RNO,215.0
AUS,SAN,190.0
AUS,SDF,140.0
AUS,SEA,277.0
AUS,SFB,152.5
AUS,SFO,238.0
AUS,SJC,225.0
AUS,SJU,272.5
AUS,SLC,180.0
AUS,SMF,230.0
AUS,SNA,195.0
AUS,SRQ,146.0
AUS,STL,125.0
AUS,TPA,140.0
AUS,TUL,85.0
AUS,TYS,129.0
AUS,XNA,92.5
AVL,ATL,66.0
AVL,AUS,163.0
AVL,BOS,131.0
AVL,CLT,71.0
AVL,DCA,95.0
AVL,DEN,223.0
AVL,DFW,163.0
AVL,EWR,105.0
AVL,EYW,122.0
AVL,FLL,117.0
AVL,HOU,141.0
AVL,IAD,89.0
AVL,LAS,272.0
AVL,LGA,116.0
AVL,MCO,99.0
AVL,MDW,101.0
AVL,MIA,121.0
AVL,MSP,151.0
AVL,ORD,128.0
AVL,PBI,108.0
AVL,PGD,107.0
AVL,PHL,115.0
AVL,PHX,265.0
AVL,PIE,98.0
AVL,SFB,89.0
AVL,SRQ,102.0
AVL,VPS,89.0
AVP,CLT,117.0
AVP,ORD,140.0
AZA,ATW,200.0
AZA,BIL,142.0
AZA,BIS,161.0
AZA,BLI,189.0
AZA,BOI,129.0
AZA,BZN,138.0
AZA,CID,174.0
AZA,COS,112.0
AZA,CVG,208.0
AZA,DSM,164.0
AZA,EUG,160.5
AZA,FAR,176.0
AZA,FCA,163.0
AZA,FNT,215.0
AZA,FSD,159.0
AZA,FWA,205.0
AZA,GEG,163.0
AZA,GFK,188.0
AZA,GRI,137.0
AZA,GRR,208.0
AZA,GTF,155.0
AZA,ICT,129.0
AZA,IDA,118.0
AZA,LAS,72.0
AZA,MLI,174.0
AZA,MOT,173.0
AZA,MSO,152.0
AZA,MSP,182.0
AZA,OMA,152.0
AZA,PDX,173.0
AZA,PIA,176.0
AZA,PSC,160.0
AZA,PVU,93.0
AZA,RAP,134.0
AZA,RFD,187.5
AZA,SBN,202.0
AZA,SGF,150.0
AZA,STC,183.0
AZA,TOL,216.0
AZA,TVC,213.0
AZA,XNA,142.0
AZO,DTW,59.0
AZO,ORD,72.0
BDL,ATL,155.0
BDL,BNA,150.0
BDL,BWI,80.0
BDL,CLT,133.0
BDL,DCA,88.0
BDL,DEN,265.0
BDL,DFW,242.0
BDL,DTW,118.0
BDL,FLL,193.0
BDL,IAD,86.0
BDL,JFK,62.0
BDL,MCO,181.0
BDL,MDW,145.0
BDL,MIA,196.0
BDL,MSP,184.0
BDL,MYR,117.0
BDL,ORD,165.0
BDL,PBI,186.0
BDL,PHL,78.0
BDL,RSW,201.0
BDL,SJU,230.0
BDL,TPA,185.0
BET,ANC,76.0
BFF,DEN,68.0
BFL,DEN,153.0
BFL,DFW,191.0
BFL,PHX,97.0
BFL,SFO,75.0
BGM,DTW,94.0
BGR,ATL,186.0
BGR,CLT,167.0
BGR,DCA,126.0
BGR,DTW,139.0
BGR,EWR,109.0
BGR,FLL,224.0
BGR,LGA,98.0
BGR,ORD,186.0
BGR,PGD,233.0
BGR,PHL,111.0
BGR,PIE,215.0
BGR,SFB,206.0
BHM,ACT,111.0
BHM,ATL,67.0
BHM,BNA,55.0
BHM,BTR,79.0
BHM,BWI,120.0
BHM,CLL,116.0
BHM,CLT,96.0
BHM,COU,100.0
BHM,DAL,115.0
BHM,DCA,127.0
BHM,DEN,197.0
BHM,DFW,132.0
BHM,DTW,123.0
BHM,EWR,143.0
BHM,FLL,118.0
BHM,HOU,115.0
BHM,IAH,119.0
BHM,LAS,250.0
BHM,LAX,275.0
BHM,MCO,100.0
BHM,MDW,110.0
BHM,MIA,119.0
BHM,MKE,119.0
BHM,MSN,120.0
BHM,OKC,125.0
BHM,ORD,138.0
BHM,PHL,138.0
BHM,PHX,230.0
BHM,TLH,80.0
BHM,TPA,90.0
BHM,TYS,55.0
BIH,DEN,142.0
BIH,SFO,70.0
BIL,AZA,145.0
BIL,DEN,106.0
BIL,DFW,171.0
BIL,LAS,130.0
BIL,MSP,125.0
BIL,ORD,174.5
BIL,PHX,162.0
BIL,SLC,91.0
BIS,AZA,173.0
BIS,DEN,122.0
BIS,DFW,161.0
BIS,LAS,169.0
BIS,MSP,91.0
BIS,ORD,134.0
BIS,PIE,243.0
BIS,SFB,226.0
BJI,MSP,68.0
BLI,AZA,180.0
BLI,LAS,154.0
BLI,LAX,164.0
BLI,OAK,127.0
BLI,PSP,171.0
BLI,SAN,173.0
BLI,SEA,55.0
BLV,FLL,157.0
BLV,GUF,110.0
BLV,JAX,115.0
BLV,LAS,216.0
BLV,MYR,110.0
BLV,PGD,144.0
BLV,PIE,129.0
BLV,SAV,111.0
BLV,SFB,129.0
BLV,SRQ,135.0
BLV,TYS,72.0
BLV,VPS,103.0
BMI,ATL,112.0
BMI,DFW,143.0
BMI,ORD,65.0
BMI,PIE,140.0
BMI,SFB,138.0
BNA,ABE,114.0
BNA,ABQ,185.0
BNA,ALB,135.0
BNA,ATL,70.0
BNA,ATW,106.0
BNA,AUS,148.0
BNA,BDL,140.0
BNA,BHM,50.0
BNA,BOS,155.0
BNA,BTR,97.0
BNA,BUF,110.0
BNA,BUR,280.0
BNA,BWI,105.0
BNA,BZN,224.0
BNA,CAK,87.0
BNA,CHS,90.0
BNA,CID,94.0
BNA,CLE,90.0
BNA,CLT,90.0
BNA,CMH,80.0
BNA,CVG,70.0
BNA,DAL,120.0
BNA,DCA,109.0
BNA,DEN,180.0
BNA,DFW,133.0
BNA,DSM,101.0
BNA,DTW,100.0
BNA,ECP,85.0
BNA,ELP,190.0
BNA,EWR,138.0
BNA,EYW,125.0
BNA,FAR,153.0
BNA,FLL,136.0
BNA,FNT,96.0
BNA,FSD,130.0
BNA,GNV,101.0
BNA,GRR,90.0
BNA,GSP,70.0
BNA,GUF,96.0
BNA,HDN,197.5
BNA,HOU,130.0
BNA,IAD,108.0
BNA,IAH,142.0
BNA,IND,70.0
BNA,JAN,75.0
BNA,JAX,90.0
BNA,JFK,148.0
BNA,LAS,245.0
BNA,LAX,275.0
BNA,LGA,140.0
BNA,LGB,270.0
BNA,MCI,105.0
BNA,MCO,115.0
BNA,MDT,104.5
BNA,MDW,95.0
BNA,MEM,55.0
BNA,MIA,140.0
BNA,MKE,95.0
BNA,MSP,134.0
BNA,MSY,95.0
BNA,MYR,90.0
BNA,OAK,295.0
BNA,OKC,115.0
BNA,OMA,115.0
BNA,ONT,265.0
BNA,ORD,115.0
BNA,ORF,105.0
BNA,PBI,130.0
BNA,PDX,299.0
BNA,PGD,124.0
BNA,PHL,125.0
BNA,PHX,231.0
BNA,PIA,79.0
BNA,PIE,109.0
BNA,PIT,90.0
BNA,PNS,85.0
BNA,PVD,145.0
BNA,PVU,221.0
BNA,PWM,150.0
BNA,RDU,95.0
BNA,RFD,91.0
BNA,RIC,97.0
BNA,RSW,125.0
BNA,SAN,265.0
BNA,SAT,150.0
BNA,SAV,85.0
BNA,SDF,50.0
BNA,SEA,306.0
BNA,SFB,108.0
BNA,SFO,290.0
BNA,SHV,100.0
BNA,SJC,285.0
BNA,SJU,235.0
BNA,SLC,223.0
BNA,SMF,275.0
BNA,SNA,265.0
BNA,SRQ,115.0
BNA,STL,75.0
BNA,SYR,123.0
BNA,TPA,110.0
BNA,TUL,100.0
BNA,VPS,90.0
BNA,XNA,91.0
BOI,ATL,246.0
BOI,AZA,128.0
BOI,BUR,130.0
BOI,DAL,180.0
BOI,DEN,118.0
BOI,DFW,191.0
BOI,GEG,72.0
BOI,LAS,110.0
BOI,LAX,147.0
BOI,MCO,323.0
BOI,MDW,200.0
BOI,MSP,171.0
BOI,OAK,105.0
BOI,ORD,220.0
BOI,PDX,82.0
BOI,PHX,130.0
BOI,PSP,136.0
BOI,SAN,143.0
BOI,SBN,201.0
BOI,SEA,103.0
BOI,SFO,118.0
BOI,SJC,110.0
BOI,SLC,76.0
BOI,SMF,90.0
BOI,SNA,135.0
BOS,ACK,53.0
BOS,AGS,168.0
BOS,ATL,178.0
BOS,AUS,277.0
BOS,AVL,144.0
BOS,BNA,175.0
BOS,BUF,97.0
BOS,BWI,100.0
BOS,BZN,303.0
BOS,CHS,155.0
BOS,CLE,130.0
BOS,CLT,154.0
BOS,CMH,141.0
BOS,CVG,152.0
BOS,DAB,192.5
BOS,DAL,240.0
BOS,DCA,110.0
BOS,DEN,284.0
BOS,DFW,265.0
BOS,DSM,193.0
BOS,DTW,136.0
BOS,EWR,88.0
BOS,EYW,233.0
BOS,FLL,210.0
BOS,GRR,133.0
BOS,GSP,148.0
BOS,HDN,300.0
BOS,HHH,164.0
BOS,HNL,678.0
BOS,IAD,103.0
BOS,IAH,266.0
BOS,ILM,129.0
BOS,IND,166.0
BOS,JAX,183.0
BOS,JFK,85.0
BOS,LAS,360.0
BOS,LAX,389.0
BOS,LGA,85.0
BOS,MCI,220.0
BOS,MCO,202.0
BOS,MDW,160.0
BOS,MEM,202.0
BOS,MIA,217.0
BOS,MKE,163.0
BOS,MSN,175.0
BOS,MSP,200.0
BOS,MSY,231.0
BOS,MVY,46.0
BOS,MYR,136.0
BOS,OMA,213.0
BOS,ORD,179.0
BOS,ORF,111.0
BOS,PBI,203.0
BOS,PDX,378.0
BOS,PHL,99.0
BOS,PHX,353.0
BOS,PIT,118.0
BOS,PQI,87.0
BOS,RDU,131.0
BOS,RIC,117.0
BOS,RSW,217.0
BOS,SAN,381.0
BOS,SAT,280.0
BOS,SAV,165.0
BOS,SDF,162.5
BOS,SEA,380.0
BOS,SFO,405.0
BOS,SJU,244.0
BOS,SLC,328.0
BOS,SMF,393.0
BOS,SRQ,213.0
BOS,STL,188.0
BOS,STT,242.0
BOS,SYR,82.0
BOS,TPA,207.0
BOS,TVC,148.0
BOS,TYS,148.0
BOS,VPS,201.0
BOS,VRB,205.0
BPT,DFW,85.0
BQN,EWR,237.0
BQN,FLL,156.0
BQN,JFK,236.0
BQN,MCO,180.0
BQN,MIA,159.0
BRD,MSP,58.0
BRO,DFW,102.0
BRW,ANC,111.0
BTM,DEN,121.0
BTM,SLC,83.0
BTR,ATL,99.0
BTR,BHM,78.0
BTR,BNA,95.0
BTR,CLT,129.0
BTR,DCA,158.0
BTR,DFW,97.0
BTR,IAH,86.0
BTV,ATL,168.0
BTV,CLT,149.0
BTV,DCA,110.0
BTV,DEN,257.0
BTV,DTW,125.0
BTV,EWR,92.0
BTV,IAD,105.5
BTV,JFK,103.0
BTV,LGA,88.0
BTV,MCO,218.0
BTV,MSP,177.0
BTV,ORD,160.0
BTV,PHL,93.0
BTV,TPA,210.0
BUF,ATL,135.0
BUF,BNA,115.0
BUF,BOS,86.0
BUF,BWI,75.0
BUF,CLT,118.0
BUF,DAL,185.0
BUF,DCA,84.0
BUF,DEN,216.0
BUF,DFW,199.0
BUF,DTW,76.0
BUF,EWR,95.0
BUF,FLL,185.0
BUF,HOU,220.0
BUF,IAD,79.0
BUF,IAH,223.0
BUF,JFK,90.0
BUF,LAS,295.0
BUF,LAX,314.0
BUF,LGA,85.0
BUF,MCI,170.0
BUF,MCO,165.0
BUF,MDW,100.0
BUF,MIA,207.0
BUF,MSP,132.0
BUF,MSY,170.0
BUF,ORD,118.0
BUF,PBI,184.0
BUF,PHL,81.0
BUF,PHX,280.0
BUF,RDU,103.0
BUF,RSW,188.0
BUF,SRQ,175.0
BUF,TPA,166.0
BUR,ABQ,115.0
BUR,ATL,262.0
BUR,AUS,175.0
BUR,BNA,240.0
BUR,BOI,125.0
BUR,DAL,185.0
BUR,DEN,145.0
BUR,DFW,192.0
BUR,EUG,145.0
BUR,HOU,195.0
BUR,JFK,326.0
BUR,LAS,70.0
BUR,MCI,195.0
BUR,MDW,235.0
BUR,MSY,210.0
BUR,OAK,80.0
BUR,PDX,142.0
BUR,PHX,95.0
BUR,PSC,158.0
BUR,RDM,139.0
BUR,RNO,85.0
BUR,SAT,165.0
BUR,SEA,166.0
BUR,SFO,93.0
BUR,SJC,75.0
BUR,SLC,119.0
BUR,SMF,85.0
BUR,STL,215.0
BUR,STS,102.0
BWI,ABQ,260.0
BWI,ALB,80.0
BWI,ATL,120.0
BWI,AUS,220.0
BWI,BDL,75.0
BWI,BHM,125.0
BWI,BNA,120.0
BWI,BOS,90.0
BWI,BUF,75.0
BWI,CHS,105.0
BWI,CLE,80.0
BWI,CLT,97.0
BWI,CMH,85.0
BWI,COS,230.0
BWI,CVG,95.0
BWI,DAL,195.0
BWI,DEN,240.0
BWI,DFW,215.0
BWI,DTW,95.0
BWI,ECP,140.0
BWI,FLL,160.0
BWI,GRR,100.0
BWI,GSP,95.0
BWI,HOU,205.0
BWI,IAH,211.0
BWI,IND,110.0
BWI,ISP,70.0
BWI,JAN,155.0
BWI,JAX,125.0
BWI,LAS,315.0
BWI,LAX,345.0
BWI,LGB,325.0
BWI,MCI,165.0
BWI,MCO,150.0
BWI,MDW,125.0
BWI,MEM,145.0
BWI,MHT,90.0
BWI,MIA,165.0
BWI,MKE,125.0
BWI,MSP,165.0
BWI,MSY,167.0
BWI,MYR,90.0
BWI,OAK,375.0
BWI,ONT,320.0
BWI,ORD,137.0
BWI,ORF,60.0
BWI,PBI,155.0
BWI,PDX,337.5
BWI,PHX,305.0
BWI,PIT,65.0
BWI,PVD,80.0
BWI,PWM,90.0
BWI,RDU,75.0
BWI,RIC,55.0
BWI,ROC,75.0
BWI,RSW,160.0
BWI,SAN,335.0
BWI,SAT,225.0
BWI,SAV,110.0
BWI,SDF,105.0
BWI,SEA,350.0
BWI,SFO,350.0
BWI,SJC,340.0
BWI,SJU,240.0
BWI,SLC,290.0
BWI,SMF,345.0
BWI,SRQ,155.0
BWI,STL,135.0
BWI,TPA,152.0
BWI,VPS,145.0
BZN,ATL,231.0
BZN,AZA,142.0
BZN,BNA,200.0
BZN,BOS,265.0
BZN,CLT,242.0
BZN,DAL,170.0
BZN,DEN,109.0
BZN,DFW,180.0
BZN,DTW,199.0
BZN,EWR,256.0
BZN,IAD,239.0
BZN,IAH,208.0
BZN,JFK,266.0
BZN,LAS,130.0
BZN,LAX,172.0
BZN,LGA,254.0
BZN,MDW,175.0
BZN,MSP,140.0
BZN,ORD,186.0
BZN,PDX,116.0
BZN,SAN,169.0
BZN,SEA,123.0
BZN,SFO,160.0
BZN,SLC,84.0
CAE,ATL,72.0
CAE,CLT,67.0
CAE,DCA,95.0
CAE,DFW,179.0
CAE,EWR,117.0
CAE,FLL,106.0
CAE,LGA,115.0
CAE,MCO,84.0
CAE,MIA,112.0
CAE,ORD,151.0
CAE,SFB,91.0
CAK,BNA,91.0
CAK,CLT,108.0
CAK,DCA,82.0
CAK,FLL,167.0
CAK,JAX,118.0
CAK,LAS,289.0
CAK,MYR,93.0
CAK,ORD,106.0
CAK,PGD,151.0
CAK,PIE,143.0
CAK,SAV,106.0
CAK,SFB,134.0
CAK,SRQ,149.0
CAK,VPS,141.0
CDC,SLC,69.0
CDV,ANC,55.0
CDV,YAK,55.0
CHA,ATL,59.0
CHA,CLT,86.0
CHA,DCA,109.0
CHA,DFW,144.0
CHA,DTW,112.0
CHA,EWR,135.0
CHA,FLL,125.0
CHA,LAS,258.0
CHA,MCO,100.0
CHA,MIA,131.0
CHA,ORD,125.0
CHA,PGD,111.0
CHA,PIE,94.0
CHA,SFB,92.0
CHO,ATL,107.0
CHO,CLT,85.0
CHO,LGA,92.0
CHO,ORD,126.0
CHS,ATL,77.0
CHS,AUS,170.0
CHS,BNA,95.0
CHS,BOS,142.0
CHS,BWI,90.0
CHS,CLT,72.0
CHS,CVG,103.0
CHS,DAL,170.0
CHS,DCA,99.0
CHS,DEN,235.0
CHS,DFW,183.0
CHS,DTW,125.0
CHS,EWR,120.0
CHS,FLL,99.0
CHS,HOU,165.0
CHS,IAD,98.0
CHS,IAH,159.0
CHS,IND,110.0
CHS,JFK,120.0
CHS,LCK,97.0
CHS,LGA,121.0
CHS,MCI,150.0
CHS,MDW,135.0
CHS,MIA,104.0
CHS,MSP,182.0
CHS,ORD,153.0
CHS,PHL,111.0
CHS,SEA,363.0
CHS,STL,130.0
CID,ATL,125.0
CID,AZA,193.0
CID,BNA,88.0
CID,CLT,136.0
CID,DCA,135.0
CID,DEN,137.0
CID,DFW,137.0
CID,FLL,189.0
CID,LAS,206.0
CID,LAX,225.0
CID,MIA,197.0
CID,MSP,79.0
CID,ORD,81.0
CID,PDX,245.0
CID,PGD,173.0
CID,PHL,142.0
CID,PHX,209.0
CID,PIE,157.0
CID,SFB,156.0
CID,SRQ,166.0
CIU,DTW,80.0
CIU,MSP,111.0
CIU,ORD,88.0
CKB,MYR,73.0
CKB,PIE,128.0
CKB,SFB,118.0
CKB,VPS,119.0
CLD,PHX,82.0
CLE,ATL,118.0
CLE,AUS,195.0
CLE,BNA,95.0
CLE,BOS,113.0
CLE,BWI,80.0
CLE,CLT,103.0
CLE,DAL,175.0
CLE,DCA,86.0
CLE,DEN,203.0
CLE,DFW,183.0
CLE,DTW,59.0
CLE,EWR,96.0
CLE,FLL,174.0
CLE,IAD,78.0
CLE,IAH,192.0
CLE,JFK,106.0
CLE,LAS,280.0
CLE,LAX,310.0
CLE,LGA,98.0
CLE,MCO,154.0
CLE,MDW,80.0
CLE,MIA,179.0
CLE,MKE,80.0
CLE,MSP,129.0
CLE,MYR,102.0
CLE,ORD,95.0
CLE,PBI,191.0
CLE,PHL,88.0
CLE,PHX,269.0
CLE,PIT,49.0
CLE,RDU,93.0
CLE,RSW,171.0
CLE,SEA,309.0
CLE,SFO,327.0
CLE,SJU,261.0
CLE,SLC,257.0
CLE,SRQ,165.0
CLE,STL,95.0
CLE,TPA,156.0
CLL,BHM,96.0
CLL,DFW,70.0
CLL,GNV,122.0
CLT,ABE,106.0
CLT,ABQ,249.0
CLT,ACK,136.0
CLT,AGS,69.0
CLT,ALB,116.0
CLT,ASE,244.0
CLT,ATL,80.0
CLT,ATW,146.0
CLT,AUS,183.0
CLT,AVL,59.0
CLT,AVP,109.0
CLT,BDL,118.0
CLT,BGR,149.0
CLT,BHM,96.0
CLT,BNA,91.0
CLT,BOS,134.0
CLT,BTR,140.0
CLT,BTV,139.0
CLT,BUF,106.0
CLT,BWI,89.0
CLT,BZN,270.0
CLT,CAE,59.0
CLT,CAK,99.0
CLT,CHA,81.0
CLT,CHO,79.5
CLT,CHS,68.0
CLT,CID,138.0
CLT,CLE,98.0
CLT,CMH,89.0
CLT,CRW,77.0
CLT,CVG,91.0
CLT,DAB,99.0
CLT,DAL,165.0
CLT,DAY,99.0
CLT,DCA,85.0
CLT,DEN,224.0
CLT,DFW,177.0
CLT,DSM,150.0
CLT,DTW,109.0
CLT,ECP,108.0
CLT,EGE,234.0
CLT,ERI,110.0
CLT,EWN,74.0
CLT,EWR,116.0
CLT,EYW,137.0
CLT,FAY,62.0
CLT,FLL,121.0
CLT,FWA,113.0
CLT,GNV,97.0
CLT,GPT,125.0
CLT,GRB,149.0
CLT,GRR,112.0
CLT,GSO,57.0
CLT,GSP,55.0
CLT,HHH,74.0
CLT,HOU,165.0
CLT,HPN,124.0
CLT,HSV,95.0
CLT,IAD,89.0
CLT,IAH,169.0
CLT,ILM,63.0
CLT,IND,101.0
CLT,JAC,255.0
CLT,JAN,126.0
CLT,JAX,83.0
CLT,JFK,116.0
CLT,LAS,292.0
CLT,LAX,319.0
CLT,LEX,85.0
CLT,LFT,146.0
CLT,LGA,110.0
CLT,LIT,138.0
CLT,MCI,148.5
CLT,MCO,105.0
CLT,MDT,93.0
CLT,MDW,120.0
CLT,MEM,113.0
CLT,MHT,136.0
CLT,MIA,127.0
CLT,MKE,128.0
CLT,MLB,109.0
CLT,MLI,135.0
CLT,MOB,121.0
CLT,MSN,136.0
CLT,MSP,169.0
CLT,MSY,125.0
CLT,MVY,130.0
CLT,MYR,65.0
CLT,OAJ,71.0
CLT,OKC,170.0
CLT,OMA,163.0
CLT,ONT,309.0
CLT,ORD,133.0
CLT,ORF,76.0
CLT,PBI,113.0
CLT,PDX,329.0
CLT,PHF,82.0
CLT,PHL,102.0
CLT,PHX,275.0
CLT,PIA,131.0
CLT,PIT,86.0
CLT,PNS,112.0
CLT,PSP,307.0
CLT,PVD,121.0
CLT,PWM,139.0
CLT,RAP,219.0
CLT,RDU,58.0
CLT,RIC,72.0
CLT,ROC,110.0
CLT,RSW,116.0
CLT,SAN,311.0
CLT,SAT,182.0
CLT,SAV,75.0
CLT,SBN,120.0
CLT,SDF,92.0
CLT,SEA,347.0
CLT,SFO,337.0
CLT,SGF,147.0
CLT,SHV,153.0
CLT,SJU,215.0
CLT,SLC,268.0
CLT,SMF,326.0
CLT,SNA,319.0
CLT,SRQ,113.0
CLT,STL,122.0
CLT,STT,216.0
CLT,STX,220.0
CLT,SYR,112.0
CLT,TLH,97.0
CLT,TPA,104.0
CLT,TRI,68.0
CLT,TUL,156.0
CLT,TVC,135.0
CLT,TYS,70.0
CLT,VPS,105.0
CLT,XNA,149.0
CMH,ATL,99.0
CMH,AUS,180.0
CMH,BNA,85.0
CMH,BOS,122.0
CMH,BWI,80.0
CMH,CLT,95.0
CMH,DAL,155.0
CMH,DCA,82.0
CMH,DEN,195.0
CMH,DFW,176.0
CMH,DTW,67.0
CMH,EWR,112.0
CMH,FLL,158.0
CMH,HOU,170.0
CMH,IAD,82.0
CMH,IAH,175.0
CMH,JFK,118.0
CMH,LAS,266.0
CMH,LAX,301.0
CMH,LGA,107.0
CMH,MCI,115.0
CMH,MCO,140.0
CMH,MDW,75.0
CMH,MIA,162.0
CMH,MSN,87.5
CMH,MSP,126.0
CMH,MSY,138.5
CMH,MYR,85.0
CMH,ORD,93.0
CMH,PHL,93.0
CMH,PHX,260.0
CMH,RSW,145.0
CMH,SAN,290.0
CMH,SAT,174.0
CMH,SEA,307.0
CMH,SFO,304.0
CMH,SLC,243.0
CMH,SRQ,140.0
CMH,STL,90.0
CMH,TPA,135.0
CMI,DFW,141.0
CMI,ORD,68.0
CMX,ORD,105.0
COD,DEN,105.0
COS,ATL,175.0
COS,AZA,115.0
COS,BWI,205.0
COS,DAL,110.0
COS,DEN,60.0
COS,DFW,115.0
COS,HOU,135.0
COS,IAH,151.0
COS,LAS,120.0
COS,MDW,140.0
COS,MSP,131.0
COS,ORD,166.0
COS,PHX,115.0
COS,PIE,215.0
COS,SAN,145.0
COS,SAT,115.0
COS,SLC,117.0
COS,SNA,148.0
COU,BHM,93.0
COU,DEN,148.0
COU,DFW,110.0
COU,ORD,90.0
CPR,DEN,85.0
CRP,DEN,160.5
CRP,DFW,88.0
CRP,HOU,65.0
CRP,IAH,71.0
CRW,ATL,93.0
CRW,CLT,90.0
CRW,DCA,79.0
CRW,ORD,114.0
CVG,ATL,95.0
CVG,AUS,175.0
CVG,AZA,239.0
CVG,BNA,65.0
CVG,BOS,134.0
CVG,BWI,85.0
CVG,CHS,96.0
CVG,CLT,96.0
CVG,DCA,96.0
CVG,DEN,186.0
CVG,DFW,157.0
CVG,DTW,74.0
CVG,EWR,123.0
CVG,EYW,154.0
CVG,FLL,152.0
CVG,GUF,121.0
CVG,IAD,94.0
CVG,IAH,161.0
CVG,JAX,110.0
CVG,JFK,127.0
CVG,LAS,256.0
CVG,LAX,287.0
CVG,LGA,117.0
CVG,MCO,133.0
CVG,MDW,70.0
CVG,MIA,158.0
CVG,MLB,130.0
CVG,MSP,122.0
CVG,MSY,131.0
CVG,MYR,90.0
CVG,ORD,91.0
CVG,ORF,92.0
CVG,PBI,150.0
CVG,PDX,281.0
CVG,PGD,140.0
CVG,PHL,106.0
CVG,PHX,254.0
CVG,PIE,128.0
CVG,RDU,88.0
CVG,RSW,146.0
CVG,SAV,96.0
CVG,SEA,300.0
CVG,SFB,123.0
CVG,SLC,229.0
CVG,SRQ,134.0
CVG,TPA,133.0
CVG,VPS,110.0
CWA,ORD,86.0
CYS,DEN,53.0
DAB,ATL,90.0
DAB,BOS,176.0
DAB,CLT,107.0
DAB,DCA,129.0
DAB,DFW,188.0
DAB,DTW,168.0
DAB,JFK,148.0
DAB,LGA,170.0
DAL,ABQ,110.0
DAL,AMA,80.0
DAL,ATL,124.0
DAL,AUS,60.0
DAL,BHM,95.0
DAL,BNA,105.0
DAL,BOI,185.0
DAL,BOS,220.0
DAL,BUF,175.0
DAL,BUR,205.0
DAL,BWI,175.0
DAL,BZN,185.0
DAL,CHS,145.0
DAL,CLT,150.0
DAL,CMH,135.0
DAL,COS,115.0
DAL,DCA,170.0
DAL,DEN,125.0
DAL,ECP,110.0
DAL,ELP,105.0
DAL,FAT,195.0
DAL,FLL,160.0
DAL,GEG,215.0
DAL,HDN,150.0
DAL,HOU,70.0
DAL,HRL,90.0
DAL,IND,120.0
DAL,JAX,130.0
DAL,LAS,180.0
DAL,LAX,205.0
DAL,LBB,75.0
DAL,LGA,195.0
DAL,LGB,200.0
DAL,LIT,70.0
DAL,MAF,75.0
DAL,MCI,90.0
DAL,MCO,155.0
DAL,MDW,130.0
DAL,MEM,85.0
DAL,MIA,165.0
DAL,MKE,140.0
DAL,MSP,135.0
DAL,MSY,85.0
DAL,MTJ,140.0
DAL,MYR,150.0
DAL,OAK,230.0
DAL,OMA,105.0
DAL,ONT,195.0
DAL,ORD,145.0
DAL,ORF,170.0
DAL,PDX,235.0
DAL,PHL,190.0
DAL,PHX,160.0
DAL,PIT,155.0
DAL,PNS,100.0
DAL,PSP,195.0
DAL,PVD,210.0
DAL,RDU,150.0
DAL,RNO,205.0
DAL,RSW,145.0
DAL,SAN,190.0
DAL,SAT,70.0
DAL,SAV,135.0
DAL,SDF,120.0
DAL,SEA,255.0
DAL,SJC,225.0
DAL,SLC,170.0
DAL,SMF,225.0
DAL,SNA,200.0
DAL,SRQ,135.0
DAL,STL,105.0
DAL,TPA,140.0
DAL,TUL,65.0
DAL,TUS,150.0
DAL,VPS,110.0
DAY,ATL,105.0
DAY,CLT,104.0
DAY,DCA,92.0
DAY,DEN,210.0
DAY,DFW,162.0
DAY,LGA,112.0
DAY,ORD,89.0
DAY,PGD,145.0
DAY,PHL,100.0
DAY,PIE,132.0
DAY,SFB,127.0
DCA,ACK,96.0
DCA,AGS,105.0
DCA,ALB,90.0
DCA,ATL,120.0
DCA,AUS,215.0
DCA,AVL,97.0
DCA,BDL,85.0
DCA,BGR,113.0
DCA,BHM,133.0
DCA,BNA,122.0
DCA,BOS,98.0
DCA,BTR,178.0
DCA,BTV,104.0
DCA,BUF,82.0
DCA,CAE,101.0
DCA,CAK,83.0
DCA,CHA,117.0
DCA,CHS,109.0
DCA,CID,149.0
DCA,CLE,89.5
DCA,CLT,97.0
DCA,CMH,90.0
DCA,CRW,75.5
DCA,CVG,105.0
DCA,DAB,147.0
DCA,DAL,200.0
DCA,DAY,99.0
DCA,DEN,248.0
DCA,DFW,215.0
DCA,DSM,170.0
DCA,DTW,102.0
DCA,ECP,144.0
DCA,EWR,82.0
DCA,EYW,187.0
DCA,FLL,160.0
DCA,GRB,149.5
DCA,GRR,112.0
DCA,GSO,81.0
DCA,GSP,101.0
DCA,HHH,128.0
DCA,HOU,205.0
DCA,HPN,80.0
DCA,HSV,125.0
DCA,HYA,92.0
DCA,IAH,211.0
DCA,ICT,196.0
DCA,ILM,87.0
DCA,IND,117.0
DCA,JAN,161.0
DCA,JAX,127.0
DCA,JFK,83.0
DCA,LAN,109.0
DCA,LAS,310.0
DCA,LAX,350.0
DCA,LEX,95.0
DCA,LGA,79.0
DCA,LIT,168.0
DCA,MCI,170.0
DCA,MCO,146.0
DCA,MDW,125.0
DCA,MEM,151.0
DCA,MGM,129.0
DCA,MHT,100.0
DCA,MIA,168.0
DCA,MKE,130.0
DCA,MSN,139.0
DCA,MSP,169.0
DCA,MSY,171.0
DCA,MVY,90.0
DCA,MYR,94.0
DCA,OKC,195.0
DCA,OMA,175.0
DCA,ORD,137.0
DCA,ORF,62.0
DCA,PBI,158.0
DCA,PDX,350.0
DCA,PHL,65.0
DCA,PHX,304.0
DCA,PIT,72.0
DCA,PNS,154.0
DCA,PVD,88.0
DCA,PWM,102.0
DCA,RDU,78.0
DCA,ROC,87.0
DCA,RSW,166.0
DCA,SAN,333.0
DCA,SAT,219.0
DCA,SAV,117.0
DCA,SBN,121.0
DCA,SDF,115.0
DCA,SEA,358.0
DCA,SFO,367.0
DCA,SJU,230.0
DCA,SLC,289.0
DCA,SRQ,162.0
DCA,STL,140.0
DCA,SYR,84.0
DCA,TLH,144.0
DCA,TPA,150.0
DCA,TUL,180.0
DCA,TVC,122.0
DCA,TYS,107.0
DCA,VPS,160.0
DCA,XNA,178.0
DDC,DEN,87.0
DEC,ORD,70.0
DEN,ABE,210.0
DEN,ABQ,83.0
DEN,ACV,185.0
DEN,ALB,210.0
DEN,AMA,89.0
DEN,ANC,337.0
DEN,ASE,61.0
DEN,ATL,178.0
DEN,ATW,150.0
DEN,ATY,104.0
DEN,AUS,133.0
DEN,AVL,187.0
DEN,BDL,226.0
DEN,BFF,56.0
DEN,BFL,164.0
DEN,BHM,171.0
DEN,BIH,158.0
DEN,BIL,98.0
DEN,BIS,109.0
DEN,BNA,155.0
DEN,BOI,121.0
DEN,BOS,238.0
DEN,BTM,124.0
DEN,BTV,221.0
DEN,BUF,185.0
DEN,BUR,150.0
DEN,BWI,205.0
DEN,BZN,106.0
DEN,CHS,199.0
DEN,CID,116.0
DEN,CLE,175.0
DEN,CLT,197.0
DEN,CMH,165.0
DEN,COD,100.0
DEN,COS,54.0
DEN,COU,124.0
DEN,CPR,72.0
DEN,CRP,152.0
DEN,CVG,163.0
DEN,CYS,46.0
DEN,DAL,115.0
DEN,DAY,171.0
DEN,DCA,205.0
DEN,DDC,74.0
DEN,DFW,124.0
DEN,DIK,104.0
DEN,DRO,79.0
DEN,DSM,107.0
DEN,DTW,169.0
DEN,DVL,125.0
DEN,EAR,76.0
DEN,ECP,175.0
DEN,EGE,56.0
DEN,ELP,110.0
DEN,EUG,167.0
DEN,EWR,224.0
DEN,FAI,336.0
DEN,FAR,119.0
DEN,FAT,159.0
DEN,FCA,139.0
DEN,FLL,235.0
DEN,FMN,80.0
DEN,FSD,102.0
DEN,GCC,80.0
DEN,GEG,144.0
DEN,GJT,70.0
DEN,GRB,143.0
DEN,GRR,153.0
DEN,GSO,200.0
DEN,GSP,185.0
DEN,GTF,125.0
DEN,GUC,68.0
DEN,HDN,60.0
DEN,HLN,122.0
DEN,HNL,445.0
DEN,HOB,104.0
DEN,HOU,145.0
DEN,HRL,164.0
DEN,HSV,169.0
DEN,HYS,75.0
DEN,IAD,201.0
DEN,IAH,150.0
DEN,ICT,91.0
DEN,IDA,106.0
DEN,ILM,216.0
DEN,IND,148.0
DEN,JAC,94.0
DEN,JAX,200.0
DEN,JFK,232.5
DEN,JLN,108.0
DEN,JMS,114.0
DEN,KOA,438.0
DEN,LAR,57.0
DEN,LAS,122.0
DEN,LAX,155.0
DEN,LBB,100.0
DEN,LBF,65.0
DEN,LBL,74.0
DEN,LEX,168.0
DEN,LGA,225.0
DEN,LGB,150.0
DEN,LIH,466.0
DEN,LIT,132.0
DEN,LNK,93.0
DEN,LWS,151.0
DEN,MAF,113.0
DEN,MCI,100.0
DEN,MCO,220.0
DEN,MDW,140.0
DEN,MEM,140.0
DEN,MFR,168.0
DEN,MIA,236.0
DEN,MKE,140.0
DEN,MLI,134.0
DEN,MOT,122.0
DEN,MRY,175.0
DEN,MSN,132.0
DEN,MSO,132.0
DEN,MSP,120.0
DEN,MSY,158.0
DEN,MTJ,65.0
DEN,MYR,195.0
DEN,OAK,160.0
DEN,OGG,434.0
DEN,OKC,101.0
DEN,OMA,90.0
DEN,ONT,140.0
DEN,ORD,155.0
DEN,ORF,210.0
DEN,OTH,185.0
DEN,PAE,183.0
DEN,PBI,229.0
DEN,PDX,165.0
DEN,PHL,216.0
DEN,PHX,120.0
DEN,PIA,133.0
DEN,PIR,89.0
DEN,PIT,181.0
DEN,PNS,172.0
DEN,PRC,114.0
DEN,PSC,159.0
DEN,PSP,144.0
DEN,PVD,230.0
DEN,PWM,235.0
DEN,RAP,80.0
DEN,RDD,169.0
DEN,RDM,158.0
DEN,RDU,200.0
DEN,RIC,200.0
DEN,RIW,77.0
DEN,RKS,71.0
DEN,RNO,145.0
DEN,RSW,223.0
DEN,SAF,81.0
DEN,SAN,146.0
DEN,SAT,132.0
DEN,SAV,200.0
DEN,SBA,156.0
DEN,SBP,170.0
DEN,SCK,153.0
DEN,SDF,157.0
DEN,SEA,181.0
DEN,SFO,167.0
DEN,SGF,117.0
DEN,SGU,112.0
DEN,SHR,86.0
DEN,SHV,142.0
DEN,SJC,160.0
DEN,SJU,340.0
DEN,SLC,95.0
DEN,SLN,84.0
DEN,SMF,155.0
DEN,SNA,149.0
DEN,SRQ,205.0
DEN,STL,125.0
DEN,SUN,124.0
DEN,SUX,97.0
DEN,SYR,205.0
DEN,TPA,210.0
DEN,TUL,104.0
DEN,TUS,125.0
DEN,TVC,159.0
DEN,TYS,176.0
DEN,WYS,112.0
DEN,XNA,115.0
DEN,XWA,115.0
DFW,ABI,56.0
DFW,ABQ,113.0
DFW,ACT,51.0
DFW,AEX,76.0
DFW,AGS,147.0
DFW,ALB,199.0
DFW,AMA,79.0
DFW,ANC,411.0
DFW,ASE,155.0
DFW,ATL,131.0
DFW,ATW,153.0
DFW,AUS,66.0
DFW,AVL,137.0
DFW,BDL,209.0
DFW,BFL,204.0
DFW,BHM,109.0
DFW,BIL,175.0
DFW,BIS,159.0
DFW,BMI,121.0
DFW,BNA,112.0
DFW,BOI,204.0
DFW,BOS,224.0
DFW,BPT,87.0
DFW,BRO,101.0
DFW,BTR,88.0
DFW,BUF,177.0
DFW,BUR,207.0
DFW,BWI,181.0
DFW,BZN,192.0
DFW,CAE,143.0
DFW,CHA,126.0
DFW,CHS,153.0
DFW,CID,124.0
DFW,CLE,159.0
DFW,CLL,62.0
DFW,CLT,155.0
DFW,CMH,148.0
DFW,CMI,123.0
DFW,COS,123.0
DFW,COU,99.0
DFW,CRP,84.0
DFW,CVG,136.0
DFW,DAB,151.0
DFW,DAY,144.0
DFW,DCA,175.0
DFW,DEN,132.0
DFW,DRO,133.0
DFW,DSM,115.0
DFW,DTW,159.0
DFW,ECP,119.0
DFW,EGE,141.0
DFW,ELP,106.0
DFW,EUG,249.0
DFW,EVV,114.0
DFW,EWR,207.0
DFW,EYW,168.0
DFW,FAR,161.0
DFW,FAT,209.0
DFW,FCA,214.0
DFW,FLG,159.0
DFW,FLL,169.0
DFW,FSD,130.0
DFW,FSM,68.0
DFW,FWA,144.0
DFW,GCK,92.0
DFW,GEG,224.0
DFW,GGG,58.0
DFW,GJT,146.0
DFW,GNV,147.0
DFW,GPT,100.0
DFW,GRI,118.0
DFW,GRK,54.0
DFW,GRR,146.0
DFW,GSO,152.0
DFW,GSP,137.0
DFW,GTR,97.0
DFW,GUC,141.0
DFW,HDN,162.0
DFW,HNL,496.0
DFW,HOU,77.0
DFW,HRL,93.0
DFW,HSV,112.0
DFW,IAD,177.0
DFW,IAH,76.0
DFW,ICT,85.0
DFW,IDA,189.0
DFW,ILM,167.0
DFW,IND,130.0
DFW,JAC,177.0
DFW,JAN,90.0
DFW,JAX,142.0
DFW,JFK,219.0
DFW,KOA,489.0
DFW,LAS,179.0
DFW,LAW,62.0
DFW,LAX,204.0
DFW,LBB,73.0
DFW,LCH,81.0
DFW,LEX,133.0
DFW,LFT,85.0
DFW,LGA,205.0
DFW,LIT,79.0
DFW,LRD,88.0
DFW,MAF,79.0
DFW,MCI,97.0
DFW,MCO,159.0
DFW,MDT,179.0
DFW,MDW,141.0
DFW,MEM,93.0
DFW,MFE,97.0
DFW,MGM,113.0
DFW,MHK,94.0
DFW,MIA,173.0
DFW,MKE,139.0
DFW,MLI,124.0
DFW,MLU,75.0
DFW,MOB,105.0
DFW,MRY,221.0
DFW,MSN,135.0
DFW,MSO,214.0
DFW,MSP,148.0
DFW,MSY,89.0
DFW,MTJ,138.0
DFW,MYR,158.0
DFW,OGG,487.0
DFW,OKC,63.0
DFW,OMA,111.0
DFW,ONT,193.0
DFW,ORD,149.0
DFW,ORF,176.0
DFW,PBI,167.0
DFW,PDX,244.0
DFW,PHL,193.0
DFW,PHX,159.0
DFW,PIA,123.0
DFW,PIT,161.0
DFW,PNS,107.0
DFW,PSP,192.0
DFW,PVU,172.0
DFW,PWM,236.0
DFW,RAP,143.0
DFW,RDM,223.0
DFW,RDU,163.0
DFW,RIC,171.0
DFW,RNO,214.0
DFW,ROW,100.0
DFW,RSW,156.0
DFW,SAF,118.0
DFW,SAN,189.0
DFW,SAT,70.0
DFW,SAV,140.0
DFW,SBA,212.0
DFW,SBN,150.0
DFW,SBP,218.0
DFW,SDF,128.0
DFW,SEA,264.0
DFW,SFO,232.0
DFW,SGF,86.0
DFW,SGU,179.0
DFW,SHV,66.0
DFW,SJC,228.0
DFW,SJT,75.0
DFW,SJU,275.0
DFW,SLC,169.0
DFW,SMF,223.0
DFW,SNA,203.0
DFW,SPS,66.0
DFW,SRQ,149.0
DFW,STL,107.0
DFW,STS,231.0
DFW,STT,295.0
DFW,SWO,78.0
DFW,SYR,188.0
DFW,TLH,131.0
DFW,TPA,148.0
DFW,TRI,141.0
DFW,TUL,71.0
DFW,TUS,146.0
DFW,TVC,166.0
DFW,TXK,63.0
DFW,TYR,52.0
DFW,TYS,129.0
DFW,VPS,118.0
DFW,XNA,76.0
DFW,YUM,185.0
DHN,ATL,72.0
DIK,DEN,121.0
DLG,ANC,67.0
DLH,MSP,69.0
DLH,ORD,113.0
DRO,DEN,88.0
DRO,DFW,128.0
DRO,PHX,92.0
DSM,ATL,132.0
DSM,AUS,135.0
DSM,AZA,185.0
DSM,BNA,97.0
DSM,BOS,175.0
DSM,CLT,142.0
DSM,DCA,149.0
DSM,DEN,125.0
DSM,DFW,128.0
DSM,DTW,111.0
DSM,EWR,150.0
DSM,FLL,191.0
DSM,GUF,146.0
DSM,HOU,146.0
DSM,IAH,155.0
DSM,JAX,157.0
DSM,LAS,191.0
DSM,LAX,241.0
DSM,LGA,160.0
DSM,MCO,181.0
DSM,MIA,202.0
DSM,MSP,78.0
DSM,ORD,92.0
DSM,PDX,218.0
DSM,PGD,180.0
DSM,PHL,157.0
DSM,PHX,193.0
DSM,PIE,165.0
DSM,RSW,184.0
DSM,SAN,216.0
DSM,SFB,165.0
DSM,SNA,226.0
DSM,SRQ,168.0
DSM,STL,65.0
DSM,VPS,141.5
DTW,ABQ,215.5
DTW,AGS,109.0
DTW,ALB,96.0
DTW,ANC,417.0
DTW,APN,69.0
DTW,ATL,125.0
DTW,ATW,85.0
DTW,AUS,191.0
DTW,AZO,56.0
DTW,BDL,101.0
DTW,BGM,84.0
DTW,BGR,124.0
DTW,BHM,118.0
DTW,BNA,98.0
DTW,BOS,117.0
DTW,BTV,106.0
DTW,BUF,71.0
DTW,BWI,90.0
DTW,BZN,218.0
DTW,CHA,110.0
DTW,CHS,127.0
DTW,CIU,79.0
DTW,CLE,55.0
DTW,CLT,115.0
DTW,CMH,65.0
DTW,CVG,74.0
DTW,DAB,170.0
DTW,DCA,95.0
DTW,DEN,192.0
DTW,DFW,180.0
DTW,DSM,125.0
DTW,ELM,78.0
DTW,ESC,84.0
DTW,EWR,105.0
DTW,FLL,184.0
DTW,FWA,58.0
DTW,GRB,82.0
DTW,GRR,56.0
DTW,GSO,102.0
DTW,GSP,105.0
DTW,HNL,584.0
DTW,HPN,103.0
DTW,HSV,115.0
DTW,IAD,91.0
DTW,IAH,189.0
DTW,IMT,86.0
DTW,IND,73.0
DTW,JAX,137.0
DTW,JFK,113.0
DTW,LAN,49.0
DTW,LAS,266.0
DTW,LAX,299.0
DTW,LEX,79.0
DTW,LGA,107.0
DTW,LNK,125.0
DTW,MBS,54.0
DTW,MCI,123.0
DTW,MCO,163.0
DTW,MDT,85.0
DTW,MDW,73.0
DTW,MEM,119.0
DTW,MIA,185.0
DTW,MKE,74.0
DTW,MQT,92.0
DTW,MSN,79.0
DTW,MSP,114.0
DTW,MSY,153.0
DTW,MYR,114.0
DTW,OKC,144.0
DTW,OMA,128.0
DTW,ORD,90.0
DTW,ORF,106.0
DTW,PBI,177.0
DTW,PDX,283.0
DTW,PHL,99.0
DTW,PHX,259.0
DTW,PIT,70.0
DTW,PLN,75.0
DTW,PNS,135.0
DTW,PVD,113.0
DTW,PWM,113.0
DTW,RDU,102.0
DTW,RIC,101.0
DTW,ROC,80.0
DTW,RSW,172.0
DTW,SAN,288.0
DTW,SAT,192.0
DTW,SAV,129.0
DTW,SBN,62.0
DTW,SDF,84.0
DTW,SEA,300.0
DTW,SFO,308.0
DTW,SJC,291.0
DTW,SJU,264.0
DTW,SLC,238.0
DTW,SMF,293.0
DTW,SNA,296.0
DTW,SRQ,172.0
DTW,STL,100.0
DTW,SYR,82.0
DTW,TPA,159.0
DTW,TVC,69.0
DTW,VPS,141.0
DTW,XNA,123.0
DVL,DEN,135.0
DVL,JMS,52.0
EAR,DEN,87.0
EAU,ORD,87.0
ECP,ATL,73.0
ECP,AUS,132.0
ECP,BNA,85.0
ECP,BWI,130.0
ECP,CLT,104.0
ECP,DAL,125.0
ECP,DCA,133.0
ECP,DEN,210.0
ECP,DFW,137.0
ECP,HOU,115.0
ECP,IAH,131.0
ECP,IND,115.0
ECP,MCI,135.0
ECP,MDW,135.0
ECP,ORD,157.0
ECP,PHL,154.0
ECP,STL,110.0
EGE,ATL,191.0
EGE,CLT,217.0
EGE,DEN,75.0
EGE,DFW,131.0
EGE,EWR,243.0
EGE,IAD,213.0
EGE,IAH,160.0
EGE,JFK,248.5
EGE,LAX,153.0
EGE,MIA,254.0
EGE,MSP,144.0
EGE,ORD,173.0
EGE,PHX,118.0
EGE,SAN,155.0
EGE,SEA,193.0
EGE,SFO,175.0
EKO,SLC,65.0
ELM,DTW,86.0
ELM,PGD,175.0
ELM,PIE,162.0
ELM,SFB,155.0
ELM,SRQ,170.0
ELP,ATL,179.0
ELP,AUS,95.0
ELP,BNA,165.0
ELP,DAL,105.0
ELP,DEN,113.0
ELP,DFW,109.0
ELP,HOU,110.0
ELP,IAH,121.0
ELP,LAS,115.0
ELP,LAX,135.0
ELP,LGB,120.0
ELP,MCO,225.0
ELP,MDW,180.0
ELP,ORD,194.0
ELP,PHX,85.0
ELP,SAN,115.0
ELP,SAT,85.0
ERI,CLT,120.0
ESC,DTW,79.0
ESC,MSP,82.0
EUG,AZA,151.0
EUG,BUR,144.0
EUG,DEN,157.0
EUG,DFW,223.0
EUG,IND,251.0
EUG,LAS,120.0
EUG,LAX,139.0
EUG,MDT,301.0
EUG,MIA,340.0
EUG,MSN,221.5
EUG,OAK,90.0
EUG,OKC,200.0
EUG,PDX,53.5
EUG,PHX,150.0
EUG,SAN,149.0
EUG,SEA,81.0
EUG,SFO,98.0
EUG,SJC,95.0
EUG,SLC,116.0
EUG,SMF,80.0
EUG,SNA,130.0
EVV,ATL,92.0
EVV,DFW,136.0
EVV,ORD,104.0
EVV,PIE,120.0
EVV,SFB,116.0
EVV,VPS,95.0
EWN,CLT,84.0
EWR,ALB,73.0
EWR,ANC,469.0
EWR,ATL,151.0
EWR,ATW,140.0
EWR,AUS,252.0
EWR,AVL,120.0
EWR,BGR,98.0
EWR,BHM,153.0
EWR,BNA,153.0
EWR,BOS,79.0
EWR,BQN,240.0
EWR,BTV,83.0
EWR,BUF,92.0
EWR,BZN,289.0
EWR,CAE,118.0
EWR,CHA,139.5
EWR,CHS,131.0
EWR,CLE,105.0
EWR,CLT,126.0
EWR,CMH,119.0
EWR,CVG,137.0
EWR,DCA,92.0
EWR,DEN,265.0
EWR,DFW,244.0
EWR,DSM,175.0
EWR,DTW,120.0
EWR,EGE,291.0
EWR,EYW,209.0
EWR,FLL,190.0
EWR,FNT,99.0
EWR,GRR,139.0
EWR,GSO,107.0
EWR,GSP,128.0
EWR,HDN,284.5
EWR,HHH,139.0
EWR,HNL,685.0
EWR,IAD,83.0
EWR,IAH,242.0
EWR,ILM,113.0
EWR,IND,140.0
EWR,ITH,88.0
EWR,JAC,300.0
EWR,JAX,157.0
EWR,LAS,341.0
EWR,LAX,365.0
EWR,MCI,195.0
EWR,MCO,176.0
EWR,MDW,149.0
EWR,MEM,183.0
EWR,MIA,194.0
EWR,MKE,156.0
EWR,MSN,162.0
EWR,MSP,185.5
EWR,MSY,206.0
EWR,MTJ,305.0
EWR,MYR,120.0
EWR,OGG,678.0
EWR,OMA,194.0
EWR,ORD,161.0
EWR,ORF,91.0
EWR,PBI,183.0
EWR,PDX,366.0
EWR,PHX,330.0
EWR,PIT,95.0
EWR,PSP,377.0
EWR,PVD,70.0
EWR,PWM,87.0
EWR,RDU,104.0
EWR,RIC,95.0
EWR,RNO,370.0
EWR,ROC,84.0
EWR,RSW,191.0
EWR,SAN,365.0
EWR,SAT,258.0
EWR,SAV,144.0
EWR,SBN,129.0
EWR,SDF,148.0
EWR,SEA,372.0
EWR,SFO,382.0
EWR,SJU,239.0
EWR,SLC,312.0
EWR,SMF,378.0
EWR,SNA,374.0
EWR,SRQ,186.0
EWR,STL,176.0
EWR,STT,240.0
EWR,SYR,81.0
EWR,TPA,182.0
EWR,TYS,120.0
EWR,VPS,170.0
EWR,XNA,213.0
EYW,ATL,123.0
EYW,AVL,124.0
EYW,BNA,145.0
EYW,BOS,214.0
EYW,CLT,141.0
EYW,CVG,161.0
EYW,DCA,170.0
EYW,DFW,196.0
EYW,EWR,196.0
EYW,FLL,60.0
EYW,IAD,160.0
EYW,IND,171.0
EYW,LGA,191.0
EYW,MIA,50.0
EYW,ORD,217.0
EYW,PHL,183.0
EYW,PIE,62.0
EYW,PIT,166.0
EYW,SFB,69.0
EYW,TYS,135.0
FAI,ANC,67.0
FAI,DEN,315.0
FAI,MSP,312.0
FAI,ORD,364.0
FAI,SEA,223.0
FAI,SLC,285.0
FAR,ATL,180.0
FAR,AZA,191.0
FAR,BNA,141.0
FAR,DEN,133.0
FAR,DFW,169.0
FAR,LAS,191.0
FAR,MCO,228.0
FAR,MSP,73.0
FAR,ORD,126.0
FAR,PHX,213.0
FAR,PIE,209.0
FAR,SFB,211.0
FAT,ATL,260.0
FAT,DAL,195.0
FAT,DEN,145.0
FAT,DFW,194.0
FAT,LAS,75.0
FAT,LAX,80.0
FAT,ORD,237.0
FAT,PDX,117.0
FAT,PHX,103.0
FAT,SAN,81.0
FAT,SEA,143.0
FAT,SFO,63.0
FAT,SLC,103.0
FAY,ATL,95.0
FAY,CLT,78.0
FCA,AZA,163.0
FCA,DEN,139.0
FCA,DFW,210.0
FCA,IAH,235.0
FCA,LAS,148.0
FCA,LAX,185.0
FCA,LGA,273.0
FCA,MSP,161.0
FCA,OAK,145.0
FCA,ORD,209.0
FCA,PDX,122.0
FCA,SAN,197.0
FCA,SEA,121.0
FCA,SFO,161.0
FCA,SLC,109.0
FLG,DFW,146.0
FLG,LAX,94.0
FLG,PHX,59.0
FLL,ABE,174.0
FLL,ACY,154.0
FLL,ALB,185.0
FLL,ATL,119.0
FLL,ATW,212.0
FLL,AUS,193.0
FLL,AVL,121.0
FLL,BDL,180.0
FLL,BGR,212.0
FLL,BHM,118.0
FLL,BLV,171.0
FLL,BNA,145.0
FLL,BOS,196.0
FLL,BQN,148.0
FLL,BUF,182.0
FLL,BWI,151.0
FLL,CAE,109.0
FLL,CAK,166.0
FLL,CHA,130.0
FLL,CHS,101.0
FLL,CID,202.0
FLL,CLE,174.0
FLL,CLT,129.0
FLL,CMH,160.0
FLL,CVG,156.0
FLL,DAL,190.0
FLL,DCA,152.0
FLL,DEN,275.0
FLL,DFW,201.0
FLL,DSM,207.0
FLL,DTW,184.0
FLL,EWR,181.0
FLL,EYW,50.0
FLL,FNT,195.0
FLL,FSD,241.0
FLL,FWA,175.0
FLL,GRR,192.0
FLL,GSP,112.0
FLL,HDN,297.0
FLL,HOU,170.0
FLL,HPN,181.0
FLL,HSV,134.0
FLL,HTS,145.0
FLL,IAD,154.0
FLL,IAH,178.0
FLL,IND,168.0
FLL,ISP,171.0
FLL,JAX,80.0
FLL,JFK,176.0
FLL,LAS,327.0
FLL,LAX,347.0
FLL,LBE,158.0
FLL,LCK,157.0
FLL,LEX,146.0
FLL,LGA,176.0
FLL,MCI,205.0
FLL,MCO,68.0
FLL,MDT,167.0
FLL,MDW,190.0
FLL,MEM,152.0
FLL,MHT,193.0
FLL,MKE,200.0
FLL,MSP,236.0
FLL,MSY,128.0
FLL,MYR,105.0
FLL,OMA,225.0
FLL,ORD,207.0
FLL,ORF,133.0
FLL,ORH,184.0
FLL,PBG,199.0
FLL,PDX,397.0
FLL,PHL,169.0
FLL,PHX,310.0
FLL,PIA,182.0
FLL,PIT,161.0
FLL,PNS,111.0
FLL,PVD,181.0
FLL,RDU,128.0
FLL,RIC,139.0
FLL,ROC,183.0
FLL,SAN,358.0
FLL,SAT,196.0
FLL,SAV,91.0
FLL,SBN,179.0
FLL,SDF,152.0
FLL,SEA,404.0
FLL,SFO,385.0
FLL,SJU,155.0
FLL,SLC,309.0
FLL,STL,175.0
FLL,STT,156.0
FLL,STX,159.0
FLL,SWF,185.0
FLL,SYR,185.0
FLL,TPA,64.0
FLL,TVC,216.0
FLL,TYS,124.0
FLL,USA,121.0
FLL,XNA,188.0
FMN,DEN,70.0
FNT,AZA,251.0
FNT,BNA,102.0
FNT,EWR,110.0
FNT,FLL,191.0
FNT,JAX,149.0
FNT,LAS,265.0
FNT,ORD,87.0
FNT,PDX,272.0
FNT,PGD,182.0
FNT,PIE,171.0
FNT,SFB,160.0
FNT,SRQ,177.0
FNT,VPS,185.0
FOD,ORD,89.0
FSD,ATL,154.0
FSD,AZA,171.0
FSD,BNA,123.0
FSD,DEN,113.0
FSD,DFW,140.5
FSD,FLL,218.0
FSD,LAS,177.0
FSD,LAX,205.0
FSD,MSP,69.0
FSD,ORD,110.0
FSD,PGD,198.0
FSD,PHX,183.0
FSD,PIE,184.0
FSD,SFB,186.0
FSM,DFW,78.0
FWA,ATL,115.0
FWA,AZA,236.0
FWA,CLT,105.0
FWA,DFW,162.0
FWA,DTW,60.0
FWA,FLL,168.0
FWA,LAS,244.0
FWA,MSP,118.0
FWA,MYR,103.0
FWA,ORD,74.0
FWA,PGD,156.0
FWA,PIE,139.0
FWA,SFB,137.0
FWA,SRQ,150.0
GCC,DEN,90.0
GCK,DFW,91.0
GEG,ATL,262.0
GEG,AZA,162.0
GEG,BOI,72.0
GEG,DAL,200.0
GEG,DEN,138.0
GEG,DFW,213.0
GEG,LAS,140.0
GEG,LAX,172.0
GEG,MDW,205.0
GEG,MSP,173.0
GEG,OAK,130.0
GEG,ORD,221.0
GEG,PDX,74.0
GEG,PHX,155.0
GEG,SAN,171.5
GEG,SEA,80.0
GEG,SFO,145.0
GEG,SJC,130.0
GEG,SLC,107.0
GEG,SMF,110.0
GEG,SNA,159.0
GFK,AZA,199.0
GFK,LAS,194.0
GFK,MSP,81.0
GFK,SFB,224.0
GGG,DFW,69.5
GJT,ATL,197.0
GJT,DEN,81.0
GJT,DFW,134.0
GJT,LAS,88.0
GJT,PHX,106.0
GJT,SLC,67.0
GNV,ATL,83.0
GNV,AUS,151.0
GNV,BNA,112.0
GNV,CLL,151.0
GNV,CLT,97.0
GNV,DFW,168.0
GNV,IAH,139.0
GNV,MIA,71.5
GPT,ATL,86.0
GPT,CLT,118.0
GPT,DFW,114.0
GRB,ATL,137.0
GRB,CLT,141.0
GRB,DCA,119.0
GRB,DEN,165.0
GRB,DTW,79.0
GRB,LAX,274.0
GRB,LGA,150.0
GRB,MCO,180.0
GRB,MSP,81.0
GRB,ORD,79.0
GRB,PHL,128.0
GRB,PHX,230.0
GRB,SLC,209.0
GRI,AZA,147.0
GRI,DFW,115.0
GRI,LAS,158.0
GRK,DFW,62.0
GRR,ATL,124.0
GRR,AUS,184.0
GRR,AZA,240.0
GRR,BNA,96.0
GRR,BOS,122.0
GRR,BWI,100.0
GRR,CLT,118.0
GRR,DCA,107.0
GRR,DEN,177.0
GRR,DFW,168.0
GRR,DTW,60.0
GRR,EWR,124.0
GRR,FLL,190.0
GRR,IAH,200.0
GRR,JAX,137.0
GRR,LAS,250.0
GRR,LAX,266.0
GRR,LGA,117.0
GRR,MCO,172.0
GRR,MDW,60.0
GRR,MIA,198.0
GRR,MSP,99.0
GRR,MYR,122.0
GRR,ORD,72.0
GRR,PBI,200.0
GRR,PDX,270.0
GRR,PGD,177.0
GRR,PHL,115.0
GRR,PHX,264.0
GRR,PIE,166.0
GRR,RSW,190.0
GRR,SAV,128.0
GRR,SFB,158.0
GRR,SRQ,171.0
GRR,TPA,171.0
GRR,VPS,145.0
GSO,ATL,85.0
GSO,CLT,60.0
GSO,DCA,76.0
GSO,DEN,244.0
GSO,DFW,185.0
GSO,DTW,105.0
GSO,EWR,112.0
GSO,IAD,74.0
GSO,LGA,99.0
GSO,MIA,125.0
GSO,ORD,134.0
GSO,PHL,93.0
GSO,PIE,106.0
GSO,SFB,95.0
GSP,ATL,65.0
GSP,BNA,75.0
GSP,BOS,140.0
GSP,BWI,90.0
GSP,CLT,66.0
GSP,DCA,97.0
GSP,DEN,221.0
GSP,DFW,167.0
GSP,DTW,108.0
GSP,EWR,120.0
GSP,FLL,115.0
GSP,HOU,145.0
GSP,IAH,166.0
GSP,LGA,116.0
GSP,MIA,116.0
GSP,MSY,107.0
GSP,ORD,135.0
GSP,PHL,110.0
GSP,PIE,91.0
GSP,SFB,83.0
GSP,SRQ,99.0
GSP,TLH,86.0
GST,JNU,39.0
GTF,AZA,148.0
GTF,DEN,123.0
GTF,LAS,135.0
GTF,MSP,151.0
GTF,ORD,191.0
GTF,SEA,115.0
GTF,SLC,98.0
GTR,DFW,112.0
GUC,DEN,77.0
GUC,DFW,123.0
GUC,ORD,184.5
GUF,ATW,175.0
GUF,BLV,112.5
GUF,BNA,100.0
GUF,CVG,123.0
GUF,DSM,146.0
GUF,HOU,95.0
GUF,MCI,130.0
GUF,TYS,90.0
GUF,XNA,110.0
GUM,HNL,435.0
GUM,SPN,45.0
HDN,ATL,189.0
HDN,BNA,162.5
HDN,BOS,245.0
HDN,DAL,130.0
HDN,DEN,72.0
HDN,DFW,142.0
HDN,EWR,237.0
HDN,FLL,248.0
HDN,IAD,222.0
HDN,IAH,182.0
HDN,LAX,164.0
HDN,MSP,136.0
HDN,ORD,168.0
HDN,SAN,153.0
HDN,SEA,174.0
HDN,SFO,173.0
HGR,MYR,83.0
HGR,PIE,139.0
HGR,SFB,128.0
HHH,ATL,76.0
HHH,BOS,153.0
HHH,CLT,79.0
HHH,DCA,104.0
HHH,EWR,131.0
HHH,LGA,131.0
HHH,ORD,158.0
HHH,PHL,121.0
HIB,MSP,68.0
HLN,DEN,126.0
HLN,SEA,111.0
HLN,SLC,94.0
HNL,ANC,367.0
HNL,ATL,520.0
HNL,AUS,440.0
HNL,BOS,585.0
HNL,DEN,401.0
HNL,DFW,435.0
HNL,DTW,520.0
HNL,EWR,574.0
HNL,GUM,465.0
HNL,IAD,560.0
HNL,IAH,453.0
HNL,ITO,56.0
HNL,JFK,584.0
HNL,KOA,48.0
HNL,LAS,345.0
HNL,LAX,330.0
HNL,LGB,325.0
HNL,LIH,42.0
HNL,MSP,470.0
HNL,OAK,315.0
HNL,OGG,43.0
HNL,ONT,332.0
HNL,ORD,486.0
HNL,PAE,360.0
HNL,PDX,330.0
HNL,PHX,360.0
HNL,PPG,345.0
HNL,SAN,330.0
HNL,SEA,353.0
HNL,SFO,308.0
HNL,SJC,315.0
HNL,SLC,370.0
HNL,SMF,315.0
HOB,DEN,112.0
HOB,IAH,107.0
HOU,ABQ,135.0
HOU,AMA,105.0
HOU,ATL,120.0
HOU,AUS,55.0
HOU,AVL,131.0
HOU,BHM,100.0
HOU,BNA,115.0
HOU,BUF,175.0
HOU,BUR,225.0
HOU,BWI,175.0
HOU,CHS,140.0
HOU,CLT,145.0
HOU,CMH,150.0
HOU,COS,140.0
HOU,CRP,60.0
HOU,DAL,70.0
HOU,DCA,175.0
HOU,DEN,155.0
HOU,DFW,81.0
HOU,DSM,131.0
HOU,ECP,100.0
HOU,ELP,120.0
HOU,FLL,140.0
HOU,GSP,130.0
HOU,GUF,90.0
HOU,HRL,65.0
HOU,IND,135.0
HOU,JAN,80.0
HOU,JAX,125.0
HOU,LAS,195.0
HOU,LAX,220.0
HOU,LBB,95.0
HOU,LGA,205.0
HOU,LGB,210.0
HOU,LIT,90.0
HOU,MAF,90.0
HOU,MCI,115.0
HOU,MCO,135.0
HOU,MDW,145.0
HOU,MEM,90.0
HOU,MIA,145.0
HOU,MSY,70.0
HOU,OAK,250.0
HOU,OKC,85.0
HOU,OMA,130.0
HOU,ONT,210.0
HOU,PHX,170.0
HOU,PIT,165.0
HOU,PNS,90.0
HOU,PVU,189.0
HOU,RDU,150.0
HOU,RSW,140.0
HOU,SAN,205.0
HOU,SAT,60.0
HOU,SAV,130.0
HOU,SBN,147.0
HOU,SDF,130.0
HOU,SEA,275.0
HOU,SJC,245.0
HOU,SJU,265.0
HOU,SLC,190.0
HOU,SMF,250.0
HOU,SRQ,130.0
HOU,STL,120.0
HOU,TPA,125.0
HOU,TUL,90.0
HOU,TUS,155.0
HOU,TYS,121.0
HOU,VPS,100.0
HPN,ACK,64.0
HPN,ATL,147.0
HPN,CLT,121.0
HPN,DCA,79.0
HPN,DTW,113.0
HPN,FLL,180.0
HPN,MCO,170.0
HPN,MIA,194.0
HPN,ORD,156.0
HPN,PBI,175.0
HPN,RSW,185.0
HPN,SJU,226.0
HPN,TPA,173.0
HRL,AUS,75.0
HRL,DAL,95.0
HRL,DEN,188.0
HRL,DFW,99.0
HRL,HOU,70.0
HRL,IAH,81.0
HRL,MSP,190.0
HRL,ORD,189.0
HSV,ATL,64.0
HSV,CLT,99.0
HSV,DCA,117.0
HSV,DEN,198.0
HSV,DFW,133.0
HSV,DTW,118.0
HSV,FLL,124.0
HSV,IAH,129.0
HSV,MIA,127.0
HSV,ORD,132.0
HTS,FLL,142.0
HTS,MYR,72.0
HTS,PGD,120.0
HTS,PIE,117.0
HTS,SFB,110.0
HTS,VPS,103.0
HYA,DCA,104.0
HYA,JFK,75.0
HYA,LGA,80.0
HYA,ORD,186.0
HYA,PHL,90.0
HYS,DEN,86.0
IAD,ABQ,252.0
IAD,ANC,462.0
IAD,ATL,117.0
IAD,AUS,218.0
IAD,AVL,94.0
IAD,BDL,87.0
IAD,BNA,118.0
IAD,BOS,99.0
IAD,BTV,99.0
IAD,BUF,84.0
IAD,BZN,276.0
IAD,CHS,110.0
IAD,CLE,83.0
IAD,CLT,95.0
IAD,CMH,86.0
IAD,CVG,100.0
IAD,DEN,239.0
IAD,DFW,212.0
IAD,DTW,100.0
IAD,EGE,270.0
IAD,EWR,81.0
IAD,EYW,181.0
IAD,FLL,166.0
IAD,HDN,269.0
IAD,HNL,661.0
IAD,IAH,205.0
IAD,IND,110.0
IAD,JAC,280.0
IAD,JAX,132.0
IAD,JFK,91.0
IAD,JST,60.0
IAD,LAS,317.0
IAD,LAX,344.0
IAD,LGA,93.0
IAD,MCI,182.0
IAD,MCO,145.0
IAD,MGW,67.0
IAD,MIA,170.0
IAD,MSN,125.0
IAD,MSP,174.0
IAD,MSY,168.0
IAD,MYR,91.0
IAD,ORD,134.0
IAD,ORF,67.0
IAD,PBI,162.0
IAD,PDX,342.0
IAD,PGD,151.0
IAD,PHL,75.0
IAD,PHX,307.0
IAD,PIT,66.0
IAD,PSP,342.0
IAD,PVD,94.0
IAD,PWM,108.0
IAD,RDU,71.0
IAD,RIC,61.0
IAD,ROC,83.0
IAD,RSW,160.0
IAD,SAN,337.0
IAD,SAT,224.0
IAD,SAV,121.0
IAD,SBN,112.0
IAD,SCE,65.0
IAD,SDF,110.0
IAD,SEA,350.0
IAD,SFO,358.0
IAD,SJU,230.0
IAD,SLC,291.0
IAD,SMF,356.0
IAD,SRQ,145.5
IAD,STL,143.0
IAD,STT,237.0
IAD,SYR,83.0
IAD,TPA,151.0
IAD,TVC,114.0
IAD,TYS,94.0
IAD,VPS,146.0
IAG,MYR,115.0
IAG,PGD,178.0
IAG,PIE,166.0
IAG,SFB,156.0
IAH,ABQ,147.0
IAH,AMA,121.0
IAH,ANC,440.0
IAH,ASE,186.0
IAH,ATL,126.0
IAH,ATW,160.0
IAH,AUS,62.0
IAH,BHM,120.0
IAH,BNA,124.0
IAH,BOS,234.0
IAH,BTR,74.0
IAH,BUF,190.0
IAH,BWI,184.0
IAH,BZN,226.0
IAH,CHS,155.0
IAH,CLE,170.0
IAH,CLT,157.0
IAH,CMH,161.0
IAH,COS,158.0
IAH,CRP,72.0
IAH,CVG,147.0
IAH,DCA,186.0
IAH,DEN,161.0
IAH,DFW,85.0
IAH,DSM,142.0
IAH,DTW,166.0
IAH,ECP,114.0
IAH,EGE,190.0
IAH,ELP,130.0
IAH,EWR,215.0
IAH,FCA,249.0
IAH,FLL,153.0
IAH,GNV,127.0
IAH,GSP,136.0
IAH,HDN,194.0
IAH,HNL,521.0
IAH,HOB,112.0
IAH,HRL,84.0
IAH,HSV,121.0
IAH,IAD,188.0
IAH,ICT,119.0
IAH,IND,144.0
IAH,JAC,214.0
IAH,JAN,94.0
IAH,JAX,133.0
IAH,JFK,219.0
IAH,LAS,205.0
IAH,LAX,226.0
IAH,LBB,107.0
IAH,LCH,62.0
IAH,LFT,68.0
IAH,LGA,211.0
IAH,LIT,97.0
IAH,MAF,98.0
IAH,MCI,125.0
IAH,MCO,148.0
IAH,MDW,153.0
IAH,MEI,94.0
IAH,MEM,104.0
IAH,MFE,86.0
IAH,MIA,156.0
IAH,MKE,167.0
IAH,MOB,93.0
IAH,MSN,168.0
IAH,MSP,172.0
IAH,MSY,76.0
IAH,MTJ,174.0
IAH,OKC,99.0
IAH,OMA,138.0
IAH,ONT,213.0
IAH,ORD,167.0
IAH,ORF,176.0
IAH,PBI,152.0
IAH,PDX,272.0
IAH,PHL,201.0
IAH,PHX,183.0
IAH,PIB,88.0
IAH,PIT,169.0
IAH,PNS,103.0
IAH,PSP,227.0
IAH,PWM,249.0
IAH,RDU,166.0
IAH,RIC,169.0
IAH,RNO,239.0
IAH,RSW,143.0
IAH,SAF,139.0
IAH,SAN,210.0
IAH,SAT,68.0
IAH,SBN,153.0
IAH,SDF,138.0
IAH,SEA,289.0
IAH,SFO,260.0
IAH,SGF,116.0
IAH,SHV,70.0
IAH,SJC,241.0
IAH,SJU,270.0
IAH,SLC,201.0
IAH,SLN,128.0
IAH,SMF,258.0
IAH,SNA,223.0
IAH,SRQ,156.0
IAH,STL,128.0
IAH,STT,295.0
IAH,TPA,136.0
IAH,TUL,97.0
IAH,TUS,171.0
IAH,TVC,176.0
IAH,VCT,55.0
IAH,XNA,102.0
ICT,ATL,133.0
ICT,AZA,142.0
ICT,DCA,169.0
ICT,DEN,100.0
ICT,DFW,85.0
ICT,IAH,116.0
ICT,LAS,160.0
ICT,LAX,176.5
ICT,MIA,187.0
ICT,MSP,114.0
ICT,ORD,123.0
ICT,PHX,157.0
ICT,PIE,154.0
ICT,SFB,158.0
ICT,STL,80.0
ICT,VPS,126.0
IDA,AZA,119.5
IDA,DEN,111.0
IDA,DFW,175.0
IDA,LAS,105.0
IDA,OAK,123.0
IDA,ORD,194.0
IDA,PDX,100.0
IDA,PHX,136.0
IDA,SEA,129.0
IDA,SLC,67.0
IDA,SNA,131.0
ILM,ATL,95.0
ILM,BOS,124.0
ILM,CLT,75.0
ILM,DCA,85.0
ILM,DEN,234.0
ILM,DFW,207.0
ILM,EWR,122.0
ILM,LGA,103.0
ILM,MIA,118.0
ILM,MSP,185.0
ILM,ORD,155.0
ILM,PHL,92.0
IMT,DTW,82.0
IMT,MSP,76.0
IND,ATL,98.0
IND,AUS,158.0
IND,BNA,65.0
IND,BOS,141.0
IND,BWI,95.0
IND,CHS,104.0
IND,CLT,104.0
IND,DAL,140.0
IND,DCA,103.0
IND,DEN,170.0
IND,DFW,148.0
IND,DTW,73.0
IND,ECP,110.0
IND,EUG,275.0
IND,EWR,127.0
IND,EYW,161.0
IND,FLL,160.0
IND,HOU,155.0
IND,IAD,103.0
IND,IAH,159.0
IND,JAX,117.0
IND,JFK,134.0
IND,LAS,245.0
IND,LAX,275.0
IND,LGA,125.0
IND,MCI,95.0
IND,MCO,140.0
IND,MDW,70.0
IND,MIA,166.0
IND,MSP,113.0
IND,MSY,132.0
IND,MYR,100.0
IND,ORD,80.0
IND,PBI,161.0
IND,PDX,261.0
IND,PGD,149.0
IND,PHL,113.0
IND,PHX,235.0
IND,PIE,134.0
IND,RDU,103.0
IND,RSW,145.0
IND,SAN,260.0
IND,SAV,108.0
IND,SEA,287.0
IND,SFB,131.0
IND,SFO,293.0
IND,SLC,223.0
IND,SRQ,140.0
IND,TPA,135.0
IND,VPS,112.0
INL,MSP,76.0
ISP,BWI,75.0
ISP,FLL,177.0
ISP,MCO,175.0
ISP,MIA,185.0
ISP,MYR,114.0
ISP,PBI,175.0
ISP,RSW,200.0
ISP,TPA,185.0
ITH,EWR,89.0
ITO,HNL,56.0
ITO,OGG,41.0
JAC,ATL,217.0
JAC,CLT,249.0
JAC,DEN,105.0
JAC,DFW,168.0
JAC,EWR,258.0
JAC,IAD,255.0
JAC,IAH,197.0
JAC,LAX,149.0
JAC,MSP,146.0
JAC,ORD,187.0
JAC,SAN,147.0
JAC,SEA,139.0
JAC,SFO,150.0
JAC,SLC,68.0
JAN,ATL,83.0
JAN,BNA,72.5
JAN,BWI,140.0
JAN,CLT,121.0
JAN,DCA,152.0
JAN,DFW,103.0
JAN,HOU,85.0
JAN,IAH,93.0
JAN,LAS,225.0
JAN,MCO,110.0
JAX,ATL,76.0
JAX,AUS,169.0
JAX,BLV,121.0
JAX,BNA,100.0
JAX,BOS,163.0
JAX,BWI,115.0
JAX,CAK,119.0
JAX,CLT,89.0
JAX,CVG,113.0
JAX,DAL,155.0
JAX,DCA,115.0
JAX,DEN,235.0
JAX,DFW,171.0
JAX,DSM,172.0
JAX,DTW,140.0
JAX,EWR,141.0
JAX,FLL,80.0
JAX,FNT,141.0
JAX,GRR,141.0
JAX,HOU,150.0
JAX,IAD,113.0
JAX,IAH,156.0
JAX,IND,121.0
JAX,JFK,140.0
JAX,LAS,292.0
JAX,LGA,145.0
JAX,MCI,150.0
JAX,MDT,120.0
JAX,MDW,145.0
JAX,MIA,81.0
JAX,MSP,193.0
JAX,ORD,165.0
JAX,ORF,96.0
JAX,PHL,131.0
JAX,PHX,280.0
JAX,PIT,116.0
JAX,SEA,359.0
JAX,SJU,183.0
JAX,STL,130.0
JAX,TPA,44.0
JAX,TYS,80.0
JFK,ABQ,289.0
JFK,ACK,83.0
JFK,ANC,461.0
JFK,ATL,158.0
JFK,AUS,259.0
JFK,BDL,69.0
JFK,BNA,158.0
JFK,BOS,81.0
JFK,BQN,232.0
JFK,BTV,89.0
JFK,BUF,94.0
JFK,BUR,376.0
JFK,BZN,304.0
JFK,CHS,138.0
JFK,CLE,113.0
JFK,CLT,129.0
JFK,CMH,120.0
JFK,CVG,138.0
JFK,DAB,163.0
JFK,DCA,91.0
JFK,DEN,279.0
JFK,DFW,245.0
JFK,DTW,133.5
JFK,EGE,297.0
JFK,FLL,192.0
JFK,HNL,658.0
JFK,HYA,80.0
JFK,IAD,92.0
JFK,IAH,249.0
JFK,IND,145.0
JFK,JAX,160.0
JFK,LAS,351.0
JFK,LAX,378.0
JFK,MCI,212.0
JFK,MCO,180.0
JFK,MEM,189.0
JFK,MHT,88.0
JFK,MIA,196.0
JFK,MKE,169.0
JFK,MSP,197.0
JFK,MSY,212.0
JFK,MVY,76.0
JFK,ONT,369.0
JFK,ORD,172.0
JFK,ORF,91.0
JFK,ORH,62.0
JFK,PBI,186.0
JFK,PDX,377.0
JFK,PHX,339.0
JFK,PIT,108.0
JFK,PSE,253.0
JFK,PSP,372.0
JFK,PVD,72.0
JFK,PWM,86.0
JFK,RDU,112.0
JFK,RIC,110.0
JFK,RNO,371.0
JFK,ROC,89.0
JFK,RSW,195.0
JFK,SAN,375.0
JFK,SAT,258.0
JFK,SAV,151.0
JFK,SDF,141.0
JFK,SEA,381.0
JFK,SFO,398.0
JFK,SJU,238.0
JFK,SLC,325.0
JFK,SMF,388.0
JFK,SNA,381.0
JFK,SRQ,189.0
JFK,STL,180.0
JFK,STT,241.0
JFK,SYR,84.0
JFK,TPA,186.0
JFK,VRB,184.0
JLN,DEN,125.0
JLN,ORD,112.0
JMS,DEN,120.0
JMS,DVL,47.0
JNU,ANC,108.0
JNU,GST,39.0
JNU,KTN,61.0
JNU,PSG,46.0
JNU,SEA,147.0
JNU,SIT,44.0
JNU,YAK,62.0
JST,IAD,60.0
JST,ORD,117.0
KOA,ANC,375.0
KOA,DEN,395.0
KOA,DFW,421.0
KOA,HNL,50.0
KOA,LAS,340.0
KOA,LAX,325.0
KOA,LIH,56.0
KOA,OAK,310.0
KOA,OGG,37.0
KOA,ORD,479.0
KOA,PDX,334.0
KOA,PHX,348.0
KOA,SAN,326.0
KOA,SEA,354.0
KOA,SFO,309.0
KOA,SJC,307.0
KOA,SLC,365.0
KOA,SMF,310.0
KTN,JNU,61.0
KTN,SEA,118.0
KTN,SIT,55.0
KTN,WRG,42.0
LAF,ORD,68.0
LAN,DCA,103.0
LAN,DTW,50.0
LAN,ORD,78.0
LAR,DEN,68.0
LAS,ABQ,90.0
LAS,ALB,285.0
LAS,AMA,125.0
LAS,ANC,334.0
LAS,ATL,236.0
LAS,ATW,217.0
LAS,AUS,160.0
LAS,AVL,236.0
LAS,AZA,80.0
LAS,BHM,215.0
LAS,BIL,130.0
LAS,BIS,161.0
LAS,BLI,167.0
LAS,BLV,198.0
LAS,BNA,215.0
LAS,BOI,110.0
LAS,BOS,309.0
LAS,BUF,260.0
LAS,BUR,75.0
LAS,BWI,270.0
LAS,BZN,125.0
LAS,CAK,262.0
LAS,CHA,232.0
LAS,CID,191.0
LAS,CLE,246.0
LAS,CLT,262.0
LAS,CMH,235.0
LAS,COS,110.0
LAS,CVG,225.0
LAS,DAL,160.0
LAS,DCA,270.0
LAS,DEN,119.0
LAS,DFW,168.0
LAS,DSM,175.0
LAS,DTW,235.0
LAS,ELP,105.0
LAS,EUG,135.0
LAS,EWR,295.0
LAS,FAR,179.0
LAS,FAT,77.0
LAS,FCA,149.5
LAS,FLL,277.0
LAS,FNT,234.0
LAS,FSD,169.0
LAS,FWA,222.0
LAS,GEG,145.0
LAS,GFK,182.0
LAS,GJT,87.0
LAS,GRI,148.0
LAS,GRR,224.0
LAS,GTF,141.0
LAS,HNL,384.0
LAS,HOU,180.0
LAS,IAD,273.0
LAS,IAH,184.0
LAS,ICT,146.0
LAS,IDA,109.0
LAS,IND,215.0
LAS,JAN,205.0
LAS,JAX,255.0
LAS,JFK,303.0
LAS,KOA,375.0
LAS,LAX,78.0
LAS,LBB,125.0
LAS,LEX,225.0
LAS,LGA,310.0
LAS,LGB,70.0
LAS,LIH,390.0
LAS,LIT,180.0
LAS,LRD,166.0
LAS,MAF,125.0
LAS,MCI,165.0
LAS,MCO,270.0
LAS,MDW,210.0
LAS,MEM,199.0
LAS,MFE,179.0
LAS,MFR,121.0
LAS,MIA,282.0
LAS,MKE,210.0
LAS,MLI,193.0
LAS,MOT,170.0
LAS,MRY,93.0
LAS,MSO,136.0
LAS,MSP,190.0
LAS,MSY,201.0
LAS,OAK,95.0
LAS,OGG,370.0
LAS,OKC,145.0
LAS,OMA,160.0
LAS,ONT,65.0
LAS,ORD,225.0
LAS,PAE,169.0
LAS,PDX,145.0
LAS,PHL,286.0
LAS,PHX,75.0
LAS,PIA,199.0
LAS,PIT,250.0
LAS,PSC,142.0
LAS,PSP,60.0
LAS,PVU,86.0
LAS,RAP,136.0
LAS,RDU,260.0
LAS,RFD,204.0
LAS,RNO,85.0
LAS,ROC,265.0
LAS,SAN,75.0
LAS,SAT,157.0
LAS,SBA,80.0
LAS,SBN,219.0
LAS,SBP,88.0
LAS,SCK,86.0
LAS,SDF,220.0
LAS,SEA,169.0
LAS,SFO,103.0
LAS,SGF,175.0
LAS,SHV,177.0
LAS,SJC,93.0
LAS,SLC,87.0
LAS,SMF,100.0
LAS,SMX,84.0
LAS,SNA,71.0
LAS,STL,190.0
LAS,STS,108.0
LAS,TPA,257.0
LAS,TUL,155.0
LAS,TUS,84.0
LAS,TYS,233.0
LAS,VPS,242.0
LAS,XNA,169.0
LAW,DFW,62.0
LAX,ABQ,119.0
LAX,ACV,122.0
LAX,ANC,338.0
LAX,ASE,137.0
LAX,ATL,258.0
LAX,AUS,180.0
LAX,BLI,166.0
LAX,BNA,240.0
LAX,BOI,129.0
LAX,BOS,333.0
LAX,BUF,291.0
LAX,BWI,302.0
LAX,BZN,161.0
LAX,CID,211.0
LAX,CLE,273.0
LAX,CLT,285.0
LAX,CMH,267.0
LAX,CVG,250.0
LAX,DAL,185.0
LAX,DCA,299.0
LAX,DEN,146.0
LAX,DFW,186.0
LAX,DSM,217.0
LAX,DTW,263.0
LAX,EGE,146.0
LAX,ELP,120.0
LAX,EUG,141.0
LAX,EWR,323.0
LAX,FAT,75.0
LAX,FCA,179.0
LAX,FLG,86.0
LAX,FLL,297.0
LAX,FSD,190.5
LAX,GEG,157.0
LAX,GRB,239.0
LAX,GRR,245.0
LAX,HDN,143.0
LAX,HNL,353.0
LAX,HOU,195.0
LAX,IAD,300.0
LAX,IAH,200.0
LAX,ICT,173.5
LAX,IND,243.0
LAX,JAC,142.0
LAX,JFK,330.0
LAX,KOA,344.0
LAX,LAS,75.0
LAX,LIH,360.0
LAX,LIT,205.5
LAX,LNK,182.0
LAX,MCI,193.0
LAX,MCO,289.0
LAX,MDT,301.0
LAX,MDW,240.0
LAX,MEM,216.0
LAX,MFE,190.0
LAX,MFR,130.0
LAX,MIA,296.0
LAX,MKE,233.0
LAX,MRY,81.0
LAX,MSN,243.0
LAX,MSO,161.0
LAX,MSP,216.0
LAX,MSY,218.0
LAX,MTJ,134.0
LAX,OAK,85.0
LAX,OGG,345.0
LAX,OKC,175.0
LAX,OMA,196.0
LAX,ORD,251.0
LAX,PBI,297.0
LAX,PDX,147.0
LAX,PHL,309.0
LAX,PHX,90.0
LAX,PIT,283.0
LAX,PRC,85.0
LAX,PSC,159.0
LAX,PSP,66.0
LAX,RAP,175.0
LAX,RDD,109.0
LAX,RDM,138.0
LAX,RDU,290.0
LAX,RNO,95.0
LAX,RSW,284.0
LAX,SAF,123.0
LAX,SAN,58.0
LAX,SAT,172.0
LAX,SBA,56.0
LAX,SBN,237.0
LAX,SBP,64.0
LAX,SDF,241.0
LAX,SEA,175.0
LAX,SFO,89.0
LAX,SGF,197.0
LAX,SGU,95.0
LAX,SJC,78.0
LAX,SLC,115.0
LAX,SMF,92.0
LAX,STL,215.0
LAX,STS,102.0
LAX,SUN,136.0
LAX,TPA,277.0
LAX,TUL,189.0
LAX,TUS,92.0
LAX,XNA,197.0
LBB,AUS,75.0
LBB,DAL,75.0
LBB,DEN,104.0
LBB,DFW,80.0
LBB,FLL,190.0
LBB,HOU,90.0
LBB,IAH,111.0
LBB,LAS,135.0
LBB,MIA,212.5
LBB,PHX,129.0
LBB,SLC,140.0
LBE,FLL,157.0
LBE,MCO,155.0
LBE,MYR,86.0
LBF,DEN,78.0
LBL,DEN,73.0
LCH,DFW,87.0
LCH,IAH,64.0
LCK,CHS,96.0
LCK,FLL,154.0
LCK,MYR,86.0
LCK,PGD,146.0
LCK,PIE,134.0
LCK,SAV,97.0
LCK,SFB,124.0
LCK,SRQ,139.0
LCK,VPS,119.0
LEX,ATL,93.0
LEX,AUS,164.5
LEX,CLT,92.0
LEX,DCA,93.0
LEX,DEN,207.0
LEX,DFW,155.0
LEX,DTW,86.0
LEX,FLL,141.0
LEX,LAS,257.5
LEX,LGA,119.0
LEX,MIA,154.0
LEX,MYR,81.0
LEX,ORD,103.0
LEX,PGD,130.0
LEX,PHL,109.0
LEX,PIE,116.0
LEX,SFB,111.0
LEX,SRQ,123.0
LEX,VPS,102.0
LFT,ATL,110.0
LFT,CLT,138.0
LFT,DFW,97.0
LFT,IAH,77.0
LGA,ACK,81.0
LGA,AGS,148.0
LGA,ATL,155.0
LGA,AVL,129.0
LGA,BGR,97.0
LGA,BNA,157.0
LGA,BOS,80.0
LGA,BTV,84.0
LGA,BUF,90.0
LGA,BZN,297.0
LGA,CAE,126.0
LGA,CHO,90.0
LGA,CHS,137.0
LGA,CLE,109.0
LGA,CLT,128.0
LGA,CMH,116.0
LGA,CVG,134.0
LGA,DAB,170.0
LGA,DAL,230.0
LGA,DAY,126.0
LGA,DCA,86.0
LGA,DEN,270.0
LGA,DFW,242.0
LGA,DSM,191.0
LGA,DTW,122.0
LGA,EYW,223.0
LGA,FCA,311.0
LGA,FLL,189.0
LGA,GRB,158.5
LGA,GRR,133.0
LGA,GSO,113.0
LGA,GSP,133.0
LGA,HHH,146.0
LGA,HOU,240.0
LGA,HYA,69.0
LGA,IAD,88.0
LGA,IAH,243.0
LGA,ILM,113.0
LGA,IND,142.0
LGA,JAX,161.0
LGA,LIT,201.0
LGA,MCI,200.0
LGA,MCO,177.0
LGA,MDW,145.0
LGA,MEM,184.0
LGA,MIA,196.0
LGA,MKE,155.0
LGA,MSN,161.0
LGA,MSP,189.0
LGA,MSY,205.0
LGA,MVY,76.0
LGA,MYR,121.0
LGA,OKC,234.0
LGA,OMA,202.0
LGA,ORD,161.0
LGA,ORF,89.0
LGA,PBI,182.0
LGA,PHL,72.0
LGA,PIT,98.0
LGA,PWM,83.0
LGA,RDU,108.0
LGA,RIC,92.0
LGA,ROA,112.0
LGA,ROC,90.0
LGA,RSW,192.0
LGA,SAV,150.0
LGA,SBN,133.5
LGA,SDF,149.0
LGA,SJU,235.0
LGA,SLC,330.0
LGA,SRQ,192.0
LGA,STL,170.0
LGA,SYR,83.0
LGA,TPA,180.0
LGA,TUL,219.0
LGA,TVC,137.0
LGA,TYS,141.0
LGA,XNA,208.0
LGB,ABQ,110.0
LGB,AUS,170.0
LGB,BNA,230.0
LGB,BWI,300.0
LGB,DAL,180.0
LGB,DEN,140.0
LGB,ELP,112.5
LGB,HNL,355.0
LGB,HOU,190.0
LGB,LAS,70.0
LGB,MCI,185.0
LGB,MCO,300.0
LGB,MDW,235.0
LGB,MSY,210.0
LGB,OAK,80.0
LGB,OGG,345.0
LGB,PHX,80.0
LGB,RNO,80.0
LGB,SJC,75.0
LGB,SLC,113.0
LGB,SMF,85.0
LGB,STL,210.0
LIH,DEN,418.0
LIH,HNL,38.0
LIH,KOA,53.0
LIH,LAS,350.0
LIH,LAX,335.0
LIH,OAK,315.0
LIH,OGG,49.0
LIH,PDX,335.0
LIH,PHX,359.0
LIH,SAN,339.0
LIH,SEA,349.0
LIH,SFO,314.0
LIH,SJC,309.0
LIH,SMF,311.0
LIT,ATL,95.0
LIT,CLT,127.0
LIT,DAL,70.0
LIT,DCA,149.0
LIT,DEN,150.0
LIT,DFW,88.0
LIT,HOU,100.0
LIT,IAH,104.0
LIT,LAS,200.0
LIT,LAX,216.5
LIT,LGA,177.0
LIT,MIA,157.0
LIT,ORD,120.0
LIT,PHX,205.0
LIT,PIE,116.0
LIT,SFB,122.0
LIT,SLC,208.0
LIT,STL,75.0
LIT,VPS,88.0
LNK,DEN,112.0
LNK,DTW,110.0
LNK,LAX,216.0
LNK,ORD,119.0
LRD,DFW,90.0
LRD,LAS,178.0
LSE,ORD,77.0
LWS,DEN,131.0
LWS,SEA,88.0
LWS,SLC,97.0
MAF,AUS,82.0
MAF,DAL,80.0
MAF,DEN,121.0
MAF,DFW,81.0
MAF,HOU,85.0
MAF,IAH,94.0
MAF,LAS,140.0
MAF,PHX,122.0
MBS,DTW,55.0
MBS,ORD,88.0
MCI,ABQ,130.0
MCI,ATL,122.0
MCI,AUS,115.0
MCI,BNA,95.0
MCI,BOS,186.0
MCI,BUF,155.0
MCI,BUR,205.0
MCI,BWI,145.0
MCI,CHS,150.0
MCI,CLT,141.0
MCI,CMH,110.0
MCI,DAL,95.0
MCI,DCA,145.0
MCI,DEN,114.0
MCI,DFW,109.0
MCI,DTW,115.0
MCI,ECP,130.0
MCI,EWR,179.0
MCI,FLL,180.0
MCI,GUF,120.0
MCI,HOU,125.0
MCI,IAD,147.0
MCI,IAH,131.0
MCI,IND,85.0
MCI,JAX,145.0
MCI,JFK,184.0
MCI,LAS,185.0
MCI,LAX,215.0
MCI,LGA,168.0
MCI,LGB,225.0
MCI,MCO,165.0
MCI,MDW,85.0
MCI,MIA,190.0
MCI,MKE,85.0
MCI,MSP,91.0
MCI,MSY,115.0
MCI,MYR,135.0
MCI,OAK,225.0
MCI,ORD,102.0
MCI,PDX,233.0
MCI,PGD,172.0
MCI,PHL,163.0
MCI,PHX,175.0
MCI,PIE,153.0
MCI,PNS,120.0
MCI,RDU,135.0
MCI,RSW,165.0
MCI,SAN,205.0
MCI,SAT,125.0
MCI,SEA,240.0
MCI,SFO,245.0
MCI,SLC,162.0
MCI,SMF,215.0
MCI,SRQ,155.0
MCI,STL,65.0
MCI,TPA,150.0
MCI,VPS,129.0
MCO,ABE,156.0
MCO,ABQ,245.0
MCO,ACY,140.0
MCO,ALB,165.0
MCO,ATL,99.0
MCO,AUS,175.0
MCO,AVL,106.0
MCO,BDL,168.0
MCO,BHM,100.0
MCO,BNA,125.0
MCO,BOI,383.0
MCO,BOS,183.0
MCO,BQN,167.0
MCO,BTV,196.0
MCO,BUF,160.0
MCO,BWI,135.0
MCO,CAE,89.0
MCO,CHA,108.5
MCO,CHS,90.0
MCO,CLE,156.0
MCO,CLT,111.0
MCO,CMH,140.0
MCO,CVG,138.0
MCO,DAL,175.0
MCO,DCA,135.0
MCO,DEN,255.0
MCO,DFW,184.0
MCO,DSM,203.0
MCO,DTW,165.0
MCO,ELP,215.0
MCO,EWR,164.0
MCO,FAR,254.0
MCO,FLL,70.0
MCO,GRB,183.0
MCO,GRR,175.0
MCO,HOU,160.0
MCO,HPN,169.0
MCO,IAD,133.0
MCO,IAH,165.0
MCO,IND,147.0
MCO,ISP,159.0
MCO,JAN,120.0
MCO,JFK,163.0
MCO,LAS,310.0
MCO,LAX,330.0
MCO,LBE,143.0
MCO,LGA,160.0
MCO,LGB,305.0
MCO,MCI,185.0
MCO,MDT,151.0
MCO,MDW,170.0
MCO,MEM,131.0
MCO,MHT,175.0
MCO,MIA,74.0
MCO,MKE,175.0
MCO,MSN,198.0
MCO,MSP,216.0
MCO,MSY,115.0
MCO,MYR,86.0
MCO,OKC,180.0
MCO,OMA,200.0
MCO,ORD,187.0
MCO,ORF,120.0
MCO,ORH,172.0
MCO,PBI,60.0
MCO,PDX,372.0
MCO,PHL,153.0
MCO,PHX,291.0
MCO,PIT,141.0
MCO,PNS,94.0
MCO,PSE,175.0
MCO,PVD,165.0
MCO,PWM,186.0
MCO,RDU,109.0
MCO,RIC,122.0
MCO,ROC,165.0
MCO,RSW,60.0
MCO,SAN,324.0
MCO,SAT,180.0
MCO,SDF,130.0
MCO,SEA,386.0
MCO,SFO,368.0
MCO,SJU,174.0
MCO,SLC,296.0
MCO,SMF,350.0
MCO,SRQ,60.0
MCO,STL,160.0
MCO,STT,177.0
MCO,SYR,171.0
MCO,TTN,155.0
MCO,TUL,170.0
MCO,TYS,106.0
MCW,ORD,89.0
MDT,ATL,126.0
MDT,BNA,116.0
MDT,CLT,101.0
MDT,DFW,213.0
MDT,DTW,97.0
MDT,EUG,321.0
MDT,FLL,163.0
MDT,JAX,132.0
MDT,LAX,327.0
MDT,MCO,157.0
MDT,MIA,172.0
MDT,MYR,90.0
MDT,ORD,135.0
MDT,PGD,163.0
MDT,PHL,53.0
MDT,PIE,150.0
MDT,SFB,136.0
MDT,SRQ,156.0
MDW,ABQ,180.0
MDW,ALB,115.0
MDW,ATL,115.0
MDW,AUS,160.0
MDW,AVL,97.0
MDW,BDL,125.0
MDW,BHM,100.0
MDW,BNA,90.0
MDW,BOI,225.0
MDW,BOS,135.0
MDW,BUF,85.0
MDW,BUR,260.0
MDW,BWI,110.0
MDW,BZN,190.0
MDW,CHS,125.0
MDW,CLE,75.0
MDW,CLT,110.0
MDW,CMH,70.0
MDW,COS,155.0
MDW,CVG,70.0
MDW,DAL,140.0
MDW,DCA,110.0
MDW,DEN,160.0
MDW,DFW,161.0
MDW,DTW,70.0
MDW,ECP,125.0
MDW,ELP,200.0
MDW,EWR,124.0
MDW,FLL,180.0
MDW,GEG,235.0
MDW,GRR,55.0
MDW,HOU,160.0
MDW,IAH,170.0
MDW,IND,60.0
MDW,JAX,135.0
MDW,LAS,235.0
MDW,LAX,265.0
MDW,LGA,125.0
MDW,LGB,260.0
MDW,MCI,90.0
MDW,MCO,155.0
MDW,MEM,100.0
MDW,MHT,125.0
MDW,MIA,180.0
MDW,MSP,90.0
MDW,MSY,135.0
MDW,MYR,117.5
MDW,OAK,275.0
MDW,OKC,125.0
MDW,OMA,90.0
MDW,ONT,255.0
MDW,ORF,120.0
MDW,PDX,260.0
MDW,PGD,169.0
MDW,PHL,115.0
MDW,PHX,225.0
MDW,PIT,80.0
MDW,PNS,125.0
MDW,PSP,260.0
MDW,PVD,135.0
MDW,PVU,211.0
MDW,PWM,135.0
MDW,RDU,110.0
MDW,RIC,110.0
MDW,RNO,255.0
MDW,ROC,95.0
MDW,RSW,165.0
MDW,SAN,260.0
MDW,SAT,170.0
MDW,SAV,125.0
MDW,SDF,75.0
MDW,SEA,270.0
MDW,SFO,275.0
MDW,SJC,275.0
MDW,SJU,280.0
MDW,SLC,210.0
MDW,SMF,265.0
MDW,SRQ,160.0
MDW,STL,70.0
MDW,TPA,155.0
MDW,TUL,110.0
MDW,TUS,225.0
MDW,TYS,86.0
MDW,VPS,131.0
MEI,IAH,104.0
MEM,ATL,82.0
MEM,AUS,113.0
MEM,BNA,50.0
MEM,BOS,182.0
MEM,BWI,125.0
MEM,CLT,109.0
MEM,DAL,90.0
MEM,DCA,134.0
MEM,DEN,157.0
MEM,DFW,106.0
MEM,DTW,116.0
MEM,EWR,169.0
MEM,FLL,141.0
MEM,HOU,100.0
MEM,IAH,114.0
MEM,JFK,173.0
MEM,LAS,221.0
MEM,LAX,249.0
MEM,LGA,163.0
MEM,MCO,120.0
MEM,MDW,95.0
MEM,MIA,144.0
MEM,MSP,137.0
MEM,MSY,80.0
MEM,ORD,119.0
MEM,PHL,145.0
MEM,PHX,210.0
MEM,PIE,109.0
MEM,SFB,112.0
MEM,SLC,204.0
MEM,TPA,110.0
MEM,TYS,79.0
MEM,VPS,83.0
MFE,AUS,88.0
MFE,DFW,102.0
MFE,IAH,79.0
MFE,LAS,192.0
MFE,LAX,199.0
MFE,PIE,174.0
MFE,SFB,159.0
MFR,DEN,155.0
MFR,LAS,106.0
MFR,LAX,129.0
MFR,PDX,64.0
MFR,PHX,145.0
MFR,SAN,122.0
MFR,SEA,96.0
MFR,SFO,90.0
MFR,SLC,111.0
MFR,SNA,121.0
MGM,ATL,64.0
MGM,DCA,129.0
MGM,DFW,135.0
MGM,STL,106.0
MGW,IAD,66.0
MGW,ORD,115.0
MHK,DFW,102.0
MHK,ORD,110.0
MHT,BWI,95.0
MHT,CLT,150.0
MHT,DCA,110.0
MHT,FLL,207.0
MHT,JFK,74.0
MHT,MCO,195.0
MHT,MDW,150.0
MHT,ORD,166.0
MHT,PHL,95.0
MHT,RSW,211.0
MHT,TPA,200.0
MIA,ACY,159.0
MIA,AGS,103.0
MIA,ALB,208.0
MIA,ATL,123.0
MIA,AUS,191.0
MIA,AVL,126.0
MIA,BDL,189.0
MIA,BHM,124.0
MIA,BNA,145.0
MIA,BOS,203.0
MIA,BQN,158.0
MIA,BUF,208.0
MIA,BWI,160.0
MIA,CAE,116.0
MIA,CHA,139.0
MIA,CHS,103.0
MIA,CID,228.5
MIA,CLE,181.0
MIA,CLT,132.0
MIA,CMH,170.0
MIA,CVG,169.0
MIA,DAL,190.0
MIA,DCA,156.0
MIA,DEN,275.0
MIA,DFW,200.0
MIA,DSM,234.0
MIA,DTW,190.0
MIA,EGE,296.0
MIA,EWR,186.0
MIA,EYW,57.0
MIA,GNV,77.0
MIA,GRR,203.0
MIA,GSO,138.0
MIA,GSP,122.0
MIA,HOU,170.0
MIA,HPN,198.0
MIA,HSV,147.0
MIA,IAD,160.0
MIA,IAH,179.0
MIA,ICT,222.0
MIA,ILM,122.0
MIA,IND,172.0
MIA,ISP,175.0
MIA,JAX,83.0
MIA,JFK,183.0
MIA,LAS,326.0
MIA,LAX,347.5
MIA,LBB,230.0
MIA,LEX,171.0
MIA,LGA,180.0
MIA,LIT,172.0
MIA,MCI,208.0
MIA,MCO,72.0
MIA,MDT,178.0
MIA,MDW,195.0
MIA,MEM,153.0
MIA,MKE,215.0
MIA,MSN,217.5
MIA,MSP,238.0
MIA,MSY,129.0
MIA,MYR,100.0
MIA,OKC,201.0
MIA,OMA,242.0
MIA,ORD,210.0
MIA,ORF,140.0
MIA,PDX,400.0
MIA,PHL,171.0
MIA,PHX,302.0
MIA,PIT,166.0
MIA,PNS,113.0
MIA,RDU,133.0
MIA,RIC,144.0
MIA,ROC,203.0
MIA,SAN,340.0
MIA,SAT,199.0
MIA,SAV,96.0
MIA,SDF,159.0
MIA,SEA,407.0
MIA,SFO,382.0
MIA,SGF,200.0
MIA,SJU,157.0
MIA,SLC,320.5
MIA,SMF,377.0
MIA,SRQ,65.0
MIA,STL,179.0
MIA,STT,165.0
MIA,STX,170.0
MIA,SYR,204.5
MIA,TLH,90.0
MIA,TPA,67.0
MIA,TUL,188.0
MIA,TYS,135.0
MIA,VPS,122.0
MIA,XNA,194.0
MKE,ATL,125.0
MKE,AUS,165.0
MKE,BHM,111.0
MKE,BNA,95.0
MKE,BOS,143.0
MKE,BWI,110.0
MKE,CLE,75.0
MKE,CLT,128.0
MKE,DAL,145.0
MKE,DCA,120.0
MKE,DEN,160.0
MKE,DFW,159.0
MKE,DTW,72.0
MKE,EWR,141.0
MKE,FLL,190.0
MKE,IAH,182.0
MKE,JFK,145.0
MKE,LAS,235.0
MKE,LAX,262.0
MKE,LGA,136.0
MKE,MCI,90.0
MKE,MCO,165.0
MKE,MIA,202.0
MKE,MSP,84.0
MKE,ORD,68.0
MKE,PHL,127.0
MKE,PHX,229.0
MKE,RSW,175.0
MKE,SAN,260.0
MKE,SEA,264.0
MKE,SLC,210.0
MKE,SRQ,165.0
MKE,STL,80.0
MKE,TPA,160.0
MLB,ABE,152.0
MLB,ATL,99.0
MLB,CLT,112.0
MLB,CVG,140.0
MLB,PIT,139.0
MLI,AZA,199.0
MLI,CLT,132.0
MLI,DEN,155.0
MLI,DFW,141.0
MLI,LAS,211.0
MLI,ORD,71.0
MLI,PGD,167.0
MLI,PIE,149.0
MLI,SFB,151.0
MLI,SRQ,156.0
MLU,DFW,90.0
MOB,ATL,82.0
MOB,CLT,114.0
MOB,DFW,120.0
MOB,IAH,108.0
MOT,AZA,182.0
MOT,DEN,126.0
MOT,LAS,176.5
MOT,MSP,100.0
MOT,SFB,240.0
MQT,DTW,82.5
MQT,MSP,87.0
MQT,ORD,92.0
MRY,DEN,162.0
MRY,DFW,212.0
MRY,LAS,89.0
MRY,LAX,90.0
MRY,PHX,115.0
MRY,SAN,85.0
MRY,SEA,136.0
MRY,SFO,55.0
MSN,ATL,133.0
MSN,AUS,157.0
MSN,BHM,115.5
MSN,BOS,147.0
MSN,CLT,138.0
MSN,CMH,87.5
MSN,DCA,128.0
MSN,DEN,155.0
MSN,DFW,154.0
MSN,DTW,80.0
MSN,EUG,258.5
MSN,EWR,140.0
MSN,IAH,172.0
MSN,LAX,263.0
MSN,LGA,137.0
MSN,MCO,182.0
MSN,MIA,205.5
MSN,MSP,74.0
MSN,ORD,69.0
MSN,PHL,134.0
MSN,PHX,224.5
MSO,AZA,153.0
MSO,DEN,128.0
MSO,DFW,199.0
MSO,LAS,133.0
MSO,LAX,173.0
MSO,MSP,159.0
MSO,OAK,135.0
MSO,ORD,206.0
MSO,SAN,178.0
MSO,SEA,98.0
MSO,SFO,152.0
MSO,SLC,98.0
MSO,SNA,161.0
MSP,ABQ,163.0
MSP,ABR,79.0
MSP,AGS,152.0
MSP,ANC,353.0
MSP,ATL,153.0
MSP,ATW,74.0
MSP,ATY,74.0
MSP,AUS,172.0
MSP,AVL,134.0
MSP,AZA,207.0
MSP,BDL,155.0
MSP,BIL,132.0
MSP,BIS,94.0
MSP,BJI,69.0
MSP,BNA,123.0
MSP,BOI,183.0
MSP,BOS,173.0
MSP,BRD,59.0
MSP,BTV,155.0
MSP,BUF,121.0
MSP,BWI,148.0
MSP,BZN,150.0
MSP,CHS,163.0
MSP,CID,70.0
MSP,CIU,92.0
MSP,CLE,112.0
MSP,CLT,157.0
MSP,CMH,111.0
MSP,COS,131.0
MSP,CVG,108.0
MSP,DAL,140.0
MSP,DCA,147.0
MSP,DEN,133.0
MSP,DFW,158.0
MSP,DLH,62.0
MSP,DSM,74.0
MSP,DTW,103.0
MSP,EGE,170.0
MSP,ESC,82.0
MSP,EWR,162.0
MSP,FAI,344.0
MSP,FAR,73.0
MSP,FCA,176.0
MSP,FLL,217.0
MSP,FSD,67.0
MSP,FWA,101.0
MSP,GEG,186.0
MSP,GFK,81.0
MSP,GRB,74.0
MSP,GRR,87.0
MSP,GTF,162.0
MSP,HDN,149.0
MSP,HIB,67.0
MSP,HNL,519.0
MSP,HRL,200.0
MSP,IAD,150.0
MSP,IAH,180.0
MSP,ICT,110.0
MSP,ILM,163.0
MSP,IMT,73.0
MSP,IND,98.0
MSP,INL,79.0
MSP,JAC,155.0
MSP,JAX,172.0
MSP,JFK,174.0
MSP,LAS,206.0
MSP,LAX,240.0
MSP,LGA,165.0
MSP,MCI,91.0
MSP,MCO,195.0
MSP,MDW,90.0
MSP,MEM,134.0
MSP,MIA,220.0
MSP,MKE,75.0
MSP,MOT,103.0
MSP,MQT,77.0
MSP,MSN,68.0
MSP,MSO,171.0
MSP,MSY,160.0
MSP,MYR,157.0
MSP,OKC,129.0
MSP,OMA,82.0
MSP,ORD,98.0
MSP,ORF,157.0
MSP,PBI,218.0
MSP,PDX,220.0
MSP,PGD,205.0
MSP,PHL,153.0
MSP,PHX,204.0
MSP,PIT,127.0
MSP,PSC,200.0
MSP,PSP,227.0
MSP,PVD,164.0
MSP,PWM,164.0
MSP,RAP,110.0
MSP,RDU,150.0
MSP,RHI,68.0
MSP,RIC,161.0
MSP,RNO,216.0
MSP,RST,47.0
MSP,RSW,203.0
MSP,SAN,232.0
MSP,SAT,175.0
MSP,SAV,161.0
MSP,SBN,91.0
MSP,SDF,121.0
MSP,SEA,235.0
MSP,SFO,254.0
MSP,SJC,241.0
MSP,SJU,313.0
MSP,SLC,175.0
MSP,SMF,230.0
MSP,SNA,237.0
MSP,SRQ,194.0
MSP,STL,92.0
MSP,SYR,150.0
MSP,TPA,189.0
MSP,TUS,207.0
MSP,TVC,89.0
MSP,TYS,123.0
MSP,VPS,165.0
MSP,XNA,127.0
MSP,XWA,116.0
MSY,ATL,90.0
MSY,AUS,95.0
MSY,BNA,95.0
MSY,BOS,199.5
MSY,BUF,160.0
MSY,BUR,260.0
MSY,BWI,146.0
MSY,CLT,122.0
MSY,CMH,126.0
MSY,CVG,123.0
MSY,DAL,90.0
MSY,DCA,151.0
MSY,DEN,180.0
MSY,DFW,108.0
MSY,DTW,150.0
MSY,EWR,178.0
MSY,FLL,114.0
MSY,GSP,105.0
MSY,HOU,80.0
MSY,IAD,149.0
MSY,IAH,84.0
MSY,IND,117.0
MSY,JFK,183.0
MSY,LAS,235.0
MSY,LAX,260.0
MSY,LGA,175.0
MSY,LGB,250.0
MSY,MCI,120.0
MSY,MCO,105.0
MSY,MDW,140.0
MSY,MEM,80.0
MSY,MIA,119.0
MSY,MSP,171.0
MSY,OAK,280.0
MSY,OKC,115.0
MSY,ORD,158.0
MSY,PDX,313.0
MSY,PGD,113.0
MSY,PHL,168.0
MSY,PHX,215.0
MSY,RDU,127.0
MSY,SAN,245.0
MSY,SAT,100.0
MSY,SEA,319.0
MSY,SFO,292.0
MSY,SJU,225.0
MSY,SLC,225.0
MSY,STL,110.0
MSY,TPA,90.0
MTJ,ATL,193.0
MTJ,AUS,135.0
MTJ,DAL,125.0
MTJ,DEN,71.0
MTJ,DFW,128.0
MTJ,EWR,241.0
MTJ,IAH,168.0
MTJ,LAX,142.0
MTJ,ORD,184.0
MTJ,SFO,161.0
MVY,BOS,49.0
MVY,CLT,143.0
MVY,DCA,103.0
MVY,JFK,68.0
MVY,LGA,77.0
MVY,ORD,178.0
MVY,PHL,84.0
MYR,ABE,102.0
MYR,ACY,84.0
MYR,ALB,115.0
MYR,ATL,85.0
MYR,BDL,111.0
MYR,BLV,117.0
MYR,BNA,100.0
MYR,BOS,128.0
MYR,BWI,85.0
MYR,CAK,100.0
MYR,CKB,81.0
MYR,CLE,105.0
MYR,CLT,71.0
MYR,CMH,90.0
MYR,CVG,98.0
MYR,DAL,160.0
MYR,DCA,91.0
MYR,DEN,230.0
MYR,DFW,193.0
MYR,DTW,118.0
MYR,EWR,117.0
MYR,FLL,109.0
MYR,FWA,104.0
MYR,GRR,130.0
MYR,HGR,88.0
MYR,HTS,75.0
MYR,IAD,94.0
MYR,IAG,118.0
MYR,IND,105.0
MYR,ISP,106.0
MYR,LBE,90.0
MYR,LCK,89.0
MYR,LEX,87.0
MYR,LGA,106.0
MYR,MCI,150.0
MYR,MCO,93.0
MYR,MDT,92.0
MYR,MDW,130.0
MYR,MSP,180.0
MYR,MSY,150.0
MYR,ORD,153.0
MYR,PBG,134.0
MYR,PHL,101.0
MYR,PIT,92.0
MYR,ROC,116.0
MYR,SDF,95.0
MYR,STL,130.0
MYR,SWF,114.0
MYR,SYR,113.0
MYR,TTN,103.0
OAJ,CLT,82.0
OAK,ABQ,135.0
OAK,AUS,205.0
OAK,BLI,125.5
OAK,BNA,260.0
OAK,BOI,90.0
OAK,BUR,75.0
OAK,BWI,305.0
OAK,DAL,205.0
OAK,DEN,150.0
OAK,EUG,90.0
OAK,FCA,125.0
OAK,GEG,120.0
OAK,HNL,333.0
OAK,HOU,225.0
OAK,IDA,111.5
OAK,KOA,350.0
OAK,LAS,95.0
OAK,LAX,85.0
OAK,LGB,85.0
OAK,LIH,335.0
OAK,MCI,200.0
OAK,MDW,245.0
OAK,MSO,114.0
OAK,MSY,242.5
OAK,OGG,325.0
OAK,ONT,80.0
OAK,PDX,100.0
OAK,PHX,115.0
OAK,PSP,90.0
OAK,RNO,60.0
OAK,SAN,90.0
OAK,SBA,70.0
OAK,SEA,127.0
OAK,SLC,110.0
OAK,SNA,90.0
OAK,STL,225.0
OGG,ANC,363.0
OGG,ATL,504.0
OGG,DEN,386.0
OGG,DFW,422.0
OGG,EWR,579.0
OGG,HNL,43.0
OGG,ITO,38.0
OGG,KOA,36.0
OGG,LAS,335.0
OGG,LAX,320.0
OGG,LGB,306.0
OGG,LIH,51.0
OGG,OAK,304.0
OGG,ORD,476.0
OGG,PDX,325.0
OGG,PHX,345.0
OGG,SAN,320.0
OGG,SEA,342.0
OGG,SFO,303.0
OGG,SJC,300.0
OGG,SLC,358.0
OGG,SMF,302.0
OKC,ATL,128.0
OKC,AUS,80.0
OKC,BHM,100.0
OKC,BNA,105.0
OKC,CLT,155.0
OKC,DCA,170.0
OKC,DEN,110.0
OKC,DFW,67.0
OKC,DTW,146.0
OKC,EUG,220.0
OKC,HOU,85.0
OKC,IAH,97.0
OKC,LAS,160.0
OKC,LAX,199.0
OKC,LGA,202.0
OKC,MCO,160.0
OKC,MDW,115.0
OKC,MIA,182.0
OKC,MSP,131.0
OKC,MSY,100.0
OKC,ORD,135.0
OKC,PHX,150.0
OKC,SAT,85.0
OKC,SEA,238.0
OKC,SFB,155.0
OKC,SLC,160.0
OKC,STL,85.0
OKC,TYS,121.0
OKC,VPS,123.0
OMA,ATL,137.0
OMA,AUS,135.0
OMA,AZA,165.0
OMA,BNA,105.0
OMA,BOS,184.0
OMA,CLT,155.0
OMA,DAL,110.0
OMA,DCA,150.0
OMA,DEN,105.0
OMA,DFW,120.0
OMA,DTW,121.0
OMA,EWR,172.0
OMA,FLL,195.0
OMA,HOU,140.0
OMA,IAH,147.0
OMA,LAS,175.0
OMA,LAX,223.0
OMA,LGA,177.0
OMA,MCO,180.0
OMA,MDW,85.0
OMA,MIA,209.0
OMA,MSP,83.0
OMA,ORD,105.0
OMA,PGD,185.0
OMA,PHL,167.0
OMA,PHX,170.0
OMA,PIE,166.0
OMA,SAN,205.0
OMA,SEA,221.0
OMA,SFB,169.0
OMA,SFO,239.0
OMA,SLC,163.0
OMA,SRQ,175.0
OMA,STL,75.0
OMA,TPA,165.0
OMA,VPS,143.0
OME,ANC,92.0
ONT,ATL,250.0
ONT,AUS,165.0
ONT,BNA,230.0
ONT,BWI,290.0
ONT,CLT,272.0
ONT,DAL,170.0
ONT,DEN,135.0
ONT,DFW,181.0
ONT,HNL,363.0
ONT,HOU,180.0
ONT,IAH,190.0
ONT,JFK,322.0
ONT,LAS,65.0
ONT,MDW,230.0
ONT,OAK,80.0
ONT,ORD,243.0
ONT,PDX,146.0
ONT,PHX,77.0
ONT,SEA,170.0
ONT,SFO,88.0
ONT,SJC,75.0
ONT,SLC,109.0
ONT,SMF,85.0
ORD,ABE,133.0
ORD,ABQ,198.0
ORD,ACK,174.0
ORD,AGS,136.0
ORD,ALB,132.0
ORD,ALO,77.0
ORD,ANC,405.0
ORD,ASE,197.0
ORD,ATL,126.0
ORD,ATW,71.0
ORD,AUS,174.0
ORD,AVL,114.0
ORD,AVP,119.0
ORD,AZO,59.0
ORD,BDL,138.0
ORD,BGR,162.0
ORD,BHM,123.0
ORD,BIL,194.0
ORD,BIS,153.0
ORD,BMI,60.0
ORD,BNA,102.0
ORD,BOI,247.0
ORD,BOS,148.0
ORD,BTV,137.0
ORD,BUF,102.0
ORD,BWI,120.0
ORD,BZN,207.0
ORD,CAE,132.0
ORD,CAK,96.0
ORD,CHA,113.0
ORD,CHO,124.0
ORD,CHS,141.0
ORD,CID,75.0
ORD,CIU,89.0
ORD,CLE,85.0
ORD,CLT,126.0
ORD,CMH,88.0
ORD,CMI,64.0
ORD,CMX,97.0
ORD,COS,184.0
ORD,COU,89.0
ORD,CRW,104.0
ORD,CVG,85.0
ORD,CWA,74.0
ORD,DAL,150.0
ORD,DAY,81.0
ORD,DCA,118.0
ORD,DEC,65.0
ORD,DEN,170.0
ORD,DFW,160.0
ORD,DLH,105.0
ORD,DSM,89.0
ORD,DTW,88.0
ORD,EAU,84.0
ORD,ECP,148.0
ORD,EGE,185.0
ORD,ELP,219.0
ORD,EVV,80.0
ORD,EWR,137.0
ORD,EYW,199.0
ORD,FAI,395.0
ORD,FAR,128.0
ORD,FAT,273.0
ORD,FCA,230.0
ORD,FLL,190.0
ORD,FNT,76.0
ORD,FOD,94.0
ORD,FSD,112.0
ORD,FWA,72.0
ORD,GEG,252.0
ORD,GRB,71.0
ORD,GRR,66.0
ORD,GSO,121.0
ORD,GSP,118.0
ORD,GTF,224.0
ORD,GUC,191.0
ORD,HDN,188.0
ORD,HHH,144.0
ORD,HNL,553.0
ORD,HPN,134.0
ORD,HRL,232.0
ORD,HSV,113.0
ORD,HYA,165.0
ORD,IAD,119.0
ORD,IAH,176.0
ORD,ICT,128.0
ORD,IDA,214.0
ORD,ILM,136.0
ORD,IND,73.0
ORD,JAC,195.0
ORD,JAX,152.0
ORD,JFK,142.0
ORD,JLN,113.0
ORD,JST,110.0
ORD,KOA,550.0
ORD,LAF,58.0
ORD,LAN,69.0
ORD,LAS,245.0
ORD,LAX,274.0
ORD,LEX,91.0
ORD,LGA,135.0
ORD,LIT,120.0
ORD,LNK,116.0
ORD,LSE,78.0
ORD,MBS,78.0
ORD,MCI,102.0
ORD,MCO,170.0
ORD,MCW,90.0
ORD,MDT,117.0
ORD,MEM,116.0
ORD,MGW,105.0
ORD,MHK,113.0
ORD,MHT,141.0
ORD,MIA,194.0
ORD,MKE,60.0
ORD,MLI,70.0
ORD,MQT,86.0
ORD,MSN,65.0
ORD,MSO,228.0
ORD,MSP,96.0
ORD,MSY,151.0
ORD,MTJ,224.0
ORD,MVY,154.0
ORD,MYR,135.0
ORD,OGG,556.0
ORD,OKC,147.0
ORD,OMA,101.0
ORD,ONT,271.0
ORD,ORF,138.0
ORD,PBI,185.0
ORD,PDX,273.0
ORD,PHL,126.0
ORD,PHX,238.0
ORD,PIA,68.0
ORD,PIT,98.0
ORD,PLN,83.0
ORD,PNS,147.0
ORD,PSP,267.0
ORD,PVD,145.5
ORD,PWM,152.0
ORD,RAP,151.0
ORD,RDU,127.0
ORD,RHI,82.0
ORD,RIC,130.0
ORD,RNO,267.0
ORD,ROA,121.0
ORD,ROC,108.0
ORD,RST,84.0
ORD,RSW,182.0
ORD,SAF,206.0
ORD,SAN,267.0
ORD,SAT,185.0
ORD,SAV,144.0
ORD,SBN,61.0
ORD,SCE,115.0
ORD,SDF,91.0
ORD,SEA,280.0
ORD,SFO,290.0
ORD,SGF,108.0
ORD,SJC,291.0
ORD,SJU,281.0
ORD,SLC,216.0
ORD,SLN,125.0
ORD,SMF,281.0
ORD,SNA,274.0
ORD,SPI,64.0
ORD,SRQ,176.0
ORD,STL,84.0
ORD,STT,290.0
ORD,STX,298.5
ORD,SUN,244.0
ORD,SUX,110.0
ORD,SYR,116.0
ORD,TPA,169.0
ORD,TUL,127.0
ORD,TUS,241.0
ORD,TVC,77.0
ORD,TYS,106.0
ORD,VPS,146.0
ORD,XNA,117.0
ORF,ATL,117.0
ORF,BNA,120.0
ORF,BOS,102.0
ORF,BWI,60.0
ORF,CLT,90.0
ORF,CVG,99.0
ORF,DAL,195.0
ORF,DCA,67.0
ORF,DEN,245.0
ORF,DFW,211.0
ORF,DTW,119.0
ORF,EWR,95.0
ORF,FLL,145.0
ORF,IAD,66.0
ORF,IAH,221.0
ORF,JAX,105.0
ORF,JFK,86.0
ORF,LGA,89.0
ORF,MCO,130.0
ORF,MDW,130.0
ORF,MIA,146.0
ORF,MSP,195.0
ORF,ORD,150.0
ORF,PHL,72.0
ORF,PIE,129.0
ORF,SFB,115.0
ORF,STL,140.0
ORH,FLL,200.0
ORH,JFK,75.0
ORH,MCO,189.0
ORH,RSW,200.0
OTH,DEN,175.0
OTH,SFO,94.0
OTZ,ANC,91.0
PAE,DEN,166.0
PAE,HNL,394.0
PAE,LAS,153.0
PAE,PHX,173.0
PBG,FLL,212.0
PBG,MYR,140.0
PBG,PGD,218.0
PBG,PIE,201.0
PBG,SFB,189.0
PBG,SRQ,210.0
PBI,ACY,151.0
PBI,ATL,114.0
PBI,AVL,114.0
PBI,BDL,175.0
PBI,BNA,137.5
PBI,BOS,190.0
PBI,BUF,173.0
PBI,BWI,145.0
PBI,CLE,172.0
PBI,CLT,122.0
PBI,CVG,155.0
PBI,DCA,145.0
PBI,DEN,279.0
PBI,DFW,200.0
PBI,DTW,178.0
PBI,EWR,175.0
PBI,GRR,185.0
PBI,HPN,173.0
PBI,IAD,145.0
PBI,IAH,181.0
PBI,IND,166.0
PBI,ISP,161.0
PBI,JFK,169.0
PBI,LAX,353.0
PBI,LGA,170.0
PBI,MCO,65.0
PBI,MSP,237.0
PBI,ORD,202.0
PBI,PHL,161.0
PBI,PIT,155.0
PBI,PVD,173.0
PBI,STL,180.0
PBI,TTN,176.0
PDX,ABQ,160.0
PDX,ANC,231.0
PDX,ATL,279.0
PDX,ATW,217.0
PDX,AUS,241.0
PDX,AZA,161.0
PDX,BNA,259.0
PDX,BOI,75.0
PDX,BOS,325.0
PDX,BUR,139.0
PDX,BWI,300.0
PDX,BZN,102.0
PDX,CID,208.0
PDX,CLT,295.0
PDX,CVG,247.0
PDX,DAL,215.0
PDX,DCA,302.0
PDX,DEN,153.0
PDX,DFW,226.0
PDX,DSM,204.0
PDX,DTW,252.0
PDX,EUG,52.0
PDX,EWR,317.0
PDX,FAT,117.0
PDX,FCA,88.0
PDX,FLL,351.0
PDX,FNT,243.0
PDX,GEG,69.0
PDX,GRR,235.0
PDX,HNL,360.0
PDX,IAD,298.0
PDX,IAH,252.0
PDX,IDA,98.0
PDX,IND,242.0
PDX,JFK,325.0
PDX,KOA,368.0
PDX,LAS,133.0
PDX,LAX,148.0
PDX,LIH,378.0
PDX,MCI,204.0
PDX,MCO,330.0
PDX,MDW,235.0
PDX,MFR,62.0
PDX,MIA,343.0
PDX,MSP,198.0
PDX,MSY,265.0
PDX,OAK,105.0
PDX,OGG,360.0
PDX,ONT,141.0
PDX,ORD,245.0
PDX,PHL,303.0
PDX,PHX,155.0
PDX,PSP,148.0
PDX,PVU,109.0
PDX,RDM,51.0
PDX,RNO,93.0
PDX,SAN,152.0
PDX,SBA,131.0
PDX,SBP,129.0
PDX,SEA,66.0
PDX,SFO,113.0
PDX,SJC,109.0
PDX,SLC,113.0
PDX,SMF,90.0
PDX,SNA,149.0
PDX,STL,220.0
PDX,STS,103.0
PDX,TPA,321.5
PDX,TUS,171.0
PGD,ABE,160.0
PGD,ALB,174.0
PGD,ATW,192.0
PGD,AVL,105.0
PGD,BGR,201.0
PGD,BLV,148.0
PGD,BNA,123.0
PGD,CAK,149.0
PGD,CHA,110.0
PGD,CID,183.0
PGD,CVG,142.0
PGD,DAY,145.0
PGD,DSM,192.0
PGD,ELM,167.0
PGD,FNT,176.0
PGD,FSD,226.0
PGD,FWA,156.0
PGD,GRR,173.0
PGD,HTS,123.0
PGD,IAD,145.0
PGD,IAG,170.0
PGD,IND,146.0
PGD,LCK,140.0
PGD,LEX,130.0
PGD,MCI,183.0
PGD,MDT,151.0
PGD,MDW,173.0
PGD,MLI,173.0
PGD,MSP,221.0
PGD,MSY,110.0
PGD,OMA,207.0
PGD,PBG,197.5
PGD,PIA,164.0
PGD,PIT,147.0
PGD,PSM,183.0
PGD,PVD,174.0
PGD,RFD,176.0
PGD,RIC,133.0
PGD,ROC,170.0
PGD,SAV,90.0
PGD,SBN,163.0
PGD,SDF,135.0
PGD,SGF,161.0
PGD,SPI,159.0
PGD,STC,225.0
PGD,SWF,174.0
PGD,SYR,175.0
PGD,TOL,158.0
PGD,TVC,186.0
PGD,TYS,108.0
PGD,USA,108.0
PHF,CLT,97.0
PHL,ABQ,282.5
PHL,ACK,84.0
PHL,AGS,121.0
PHL,ATL,137.0
PHL,AUS,239.0
PHL,AVL,104.0
PHL,BDL,71.0
PHL,BGR,104.0
PHL,BHM,151.0
PHL,BNA,135.0
PHL,BOS,85.0
PHL,BTV,88.0
PHL,BUF,86.0
PHL,CHS,117.0
PHL,CID,173.0
PHL,CLE,97.0
PHL,CLT,112.0
PHL,CMH,103.0
PHL,CVG,118.0
PHL,DAL,205.0
PHL,DAY,112.0
PHL,DCA,67.5
PHL,DEN,255.0
PHL,DFW,226.0
PHL,DSM,176.0
PHL,DTW,109.0
PHL,ECP,155.0
PHL,EYW,199.0
PHL,FLL,173.0
PHL,GRB,152.0
PHL,GRR,127.0
PHL,GSO,97.0
PHL,GSP,114.0
PHL,HHH,126.0
PHL,HYA,83.0
PHL,IAD,67.0
PHL,IAH,226.0
PHL,ILM,99.0
PHL,IND,125.0
PHL,JAX,140.0
PHL,LAS,329.0
PHL,LAX,353.0
PHL,LEX,115.0
PHL,LGA,61.0
PHL,MCI,187.0
PHL,MCO,161.0
PHL,MDT,58.0
PHL,MDW,130.0
PHL,MEM,167.0
PHL,MHT,93.0
PHL,MIA,177.0
PHL,MKE,138.0
PHL,MSN,150.0
PHL,MSP,178.0
PHL,MSY,188.0
PHL,MVY,82.0
PHL,MYR,105.0
PHL,OMA,194.0
PHL,ORD,148.0
PHL,ORF,72.0
PHL,PBI,168.0
PHL,PDX,364.0
PHL,PHX,315.0
PHL,PIT,81.0
PHL,PNS,169.0
PHL,PVD,73.0
PHL,PWM,89.0
PHL,RDU,91.0
PHL,RIC,67.0
PHL,RSW,178.0
PHL,SAN,349.0
PHL,SAT,243.0
PHL,SAV,127.0
PHL,SDF,136.0
PHL,SEA,365.0
PHL,SFO,375.0
PHL,SJU,231.0
PHL,SLC,298.0
PHL,SRQ,176.0
PHL,STL,150.0
PHL,STT,235.0
PHL,SYR,77.0
PHL,TPA,166.0
PHL,TVC,130.0
PHL,TYS,125.0
PHL,VPS,164.0
PHL,XNA,191.0
PHX,ABQ,70.0
PHX,AGS,243.0
PHX,ANC,360.0
PHX,ASE,136.5
PHX,ATL,215.0
PHX,ATW,211.5
PHX,AUS,135.0
PHX,AVL,215.0
PHX,BFL,93.0
PHX,BHM,195.0
PHX,BIL,149.0
PHX,BNA,196.0
PHX,BOI,132.0
PHX,BOS,295.0
PHX,BUF,240.0
PHX,BUR,90.0
PHX,BWI,255.0
PHX,CID,188.0
PHX,CLD,81.0
PHX,CLE,230.0
PHX,CLT,242.0
PHX,CMH,221.0
PHX,COS,100.0
PHX,CVG,216.0
PHX,DAL,140.0
PHX,DCA,255.0
PHX,DEN,111.0
PHX,DFW,146.0
PHX,DRO,85.0
PHX,DSM,170.0
PHX,DTW,226.0
PHX,EGE,120.0
PHX,ELP,75.0
PHX,EUG,161.0
PHX,EWR,284.0
PHX,FAR,186.0
PHX,FAT,106.0
PHX,FLG,56.0
PHX,FLL,250.0
PHX,FSD,180.0
PHX,GEG,164.0
PHX,GJT,93.0
PHX,GRB,222.0
PHX,GRR,211.0
PHX,HNL,405.0
PHX,HOU,145.0
PHX,IAD,255.0
PHX,IAH,158.0
PHX,ICT,138.0
PHX,IDA,127.0
PHX,IND,200.0
PHX,JAX,235.0
PHX,JFK,290.0
PHX,KOA,394.0
PHX,LAS,70.0
PHX,LAX,91.0
PHX,LBB,107.0
PHX,LGB,80.0
PHX,LIH,408.0
PHX,LIT,172.0
PHX,MAF,105.0
PHX,MCI,150.0
PHX,MCO,245.0
PHX,MDT,255.0
PHX,MDW,198.0
PHX,MEM,180.0
PHX,MFR,155.0
PHX,MIA,256.0
PHX,MKE,200.0
PHX,MRY,120.0
PHX,MSN,199.0
PHX,MSP,185.0
PHX,MSY,175.0
PHX,OAK,120.0
PHX,OGG,391.0
PHX,OKC,130.0
PHX,OMA,150.0
PHX,ONT,75.0
PHX,ORD,212.0
PHX,PAE,190.0
PHX,PDX,167.0
PHX,PHL,270.0
PHX,PIT,235.0
PHX,PSC,172.0
PHX,PSP,72.0
PHX,PVU,106.0
PHX,RDM,154.0
PHX,RDU,245.0
PHX,RNO,113.0
PHX,RSW,258.0
PHX,SAF,85.0
PHX,SAN,75.0
PHX,SAT,127.0
PHX,SBA,95.0
PHX,SBP,105.0
PHX,SCK,109.0
PHX,SDF,195.0
PHX,SEA,192.0
PHX,SFO,128.0
PHX,SGU,83.0
PHX,SJC,119.0
PHX,SLC,100.0
PHX,SMF,123.0
PHX,SMX,116.0
PHX,SNA,81.0
PHX,STL,175.0
PHX,STS,135.0
PHX,SUN,141.0
PHX,TPA,235.0
PHX,TUL,142.0
PHX,TUS,53.0
PHX,TYS,207.0
PHX,XNA,159.0
PHX,YUM,61.0
PIA,AZA,203.0
PIA,BNA,75.0
PIA,CLT,126.0
PIA,DEN,150.5
PIA,DFW,142.0
PIA,FLL,171.0
PIA,LAS,218.0
PIA,ORD,69.0
PIA,PGD,159.0
PIA,PIE,141.0
PIA,SFB,142.0
PIA,SRQ,148.0
PIA,VPS,121.0
PIB,IAH,98.0
PIE,ABE,153.0
PIE,ALB,169.0
PIE,ATW,180.0
PIE,AVL,96.0
PIE,BGR,193.0
PIE,BIS,261.0
PIE,BLV,137.0
PIE,BMI,151.0
PIE,BNA,116.0
PIE,CAK,140.0
PIE,CHA,94.0
PIE,CID,171.0
PIE,CKB,126.0
PIE,COS,245.0
PIE,CVG,132.0
PIE,DAY,134.0
PIE,DSM,175.0
PIE,ELM,153.0
PIE,EVV,130.0
PIE,EYW,63.0
PIE,FAR,231.0
PIE,FNT,164.0
PIE,FSD,205.0
PIE,FWA,143.0
PIE,GRR,158.0
PIE,GSO,104.0
PIE,GSP,88.0
PIE,HGR,136.0
PIE,HTS,116.0
PIE,IAG,161.0
PIE,ICT,170.0
PIE,IND,136.0
PIE,LCK,131.0
PIE,LEX,119.0
PIE,LIT,124.0
PIE,MCI,172.0
PIE,MDT,141.0
PIE,MEM,118.5
PIE,MFE,175.0
PIE,MLI,160.0
PIE,OMA,185.0
PIE,ORF,122.0
PIE,PBG,181.0
PIE,PIA,151.0
PIE,PIT,138.0
PIE,PSM,182.0
PIE,RFD,163.0
PIE,RIC,119.5
PIE,ROA,115.0
PIE,SAV,83.0
PIE,SBN,151.0
PIE,SDF,125.0
PIE,SGF,147.0
PIE,SWF,170.0
PIE,SYR,166.0
PIE,TOL,144.0
PIE,TRI,103.0
PIE,TUL,151.0
PIE,TVC,174.0
PIE,TYS,100.0
PIE,USA,98.0
PIE,XNA,147.0
PIH,SLC,59.0
PIR,DEN,98.0
PIT,ATL,110.0
PIT,AUS,200.0
PIT,BNA,100.0
PIT,BOS,105.0
PIT,BWI,70.0
PIT,CLT,94.0
PIT,DAL,175.0
PIT,DCA,71.0
PIT,DEN,212.0
PIT,DFW,189.0
PIT,DTW,71.0
PIT,EWR,91.0
PIT,EYW,167.0
PIT,FLL,165.0
PIT,HOU,190.0
PIT,IAD,71.0
PIT,IAH,197.0
PIT,JAX,120.0
PIT,JFK,97.0
PIT,LAS,285.0
PIT,LAX,308.0
PIT,LGA,88.0
PIT,MCO,145.0
PIT,MDW,90.0
PIT,MIA,168.0
PIT,MLB,134.0
PIT,MSP,140.0
PIT,MYR,87.0
PIT,ORD,109.0
PIT,PBI,163.0
PIT,PGD,152.0
PIT,PHL,75.0
PIT,PHX,275.0
PIT,PIE,142.0
PIT,RDU,82.0
PIT,RSW,155.0
PIT,SAN,300.0
PIT,SAV,103.0
PIT,SDF,89.0
PIT,SEA,325.0
PIT,SFB,132.0
PIT,SFO,336.0
PIT,SLC,264.0
PIT,SRQ,150.0
PIT,STL,105.0
PIT,TPA,145.0
PIT,VPS,132.0
PLN,DTW,72.0
PLN,ORD,82.0
PNS,ATL,75.0
PNS,AUS,115.0
PNS,BNA,90.0
PNS,CLT,108.0
PNS,DAL,115.0
PNS,DCA,141.0
PNS,DEN,205.0
PNS,DFW,128.0
PNS,DTW,140.5
PNS,FLL,107.0
PNS,HOU,105.0
PNS,IAH,110.5
PNS,MCI,125.0
PNS,MCO,93.0
PNS,MDW,135.0
PNS,MIA,104.0
PNS,ORD,158.0
PNS,PHL,154.0
PNS,STL,110.0
PPG,HNL,330.0
PQI,BOS,97.0
PRC,DEN,115.0
PRC,LAX,91.0
PSC,AZA,152.0
PSC,BUR,168.0
PSC,DEN,150.0
PSC,LAS,132.0
PSC,LAX,165.0
PSC,MSP,181.0
PSC,PHX,165.0
PSC,SEA,73.0
PSC,SFO,131.0
PSC,SLC,104.0
PSE,JFK,240.0
PSE,MCO,191.0
PSG,JNU,47.0
PSG,WRG,27.0
PSM,PGD,214.0
PSM,PIE,198.0
PSM,SFB,192.0
PSM,SRQ,206.0
PSP,ATL,242.0
PSP,AUS,170.0
PSP,BLI,175.0
PSP,BOI,127.5
PSP,CLT,278.0
PSP,DAL,160.0
PSP,DEN,131.0
PSP,DFW,174.0
PSP,EWR,301.0
PSP,IAD,279.0
PSP,IAH,186.5
PSP,JFK,315.0
PSP,LAS,65.0
PSP,LAX,64.0
PSP,MDW,230.0
PSP,MSP,204.0
PSP,OAK,90.0
PSP,ORD,238.0
PSP,PDX,156.0
PSP,PHX,75.0
PSP,SEA,177.0
PSP,SFO,101.0
PSP,SJC,90.0
PSP,SLC,108.0
PSP,SMF,95.0
PSP,STS,110.0
PVD,ATL,167.0
PVD,BNA,155.0
PVD,BWI,85.0
PVD,CLT,137.0
PVD,DAL,230.0
PVD,DCA,96.0
PVD,DEN,270.0
PVD,DTW,128.0
PVD,EWR,81.0
PVD,FLL,194.0
PVD,IAD,100.0
PVD,JFK,63.0
PVD,MCO,183.0
PVD,MDW,150.0
PVD,MSP,184.0
PVD,ORD,175.0
PVD,PBI,189.0
PVD,PGD,200.0
PVD,PHL,81.0
PVD,RSW,205.0
PVD,SJU,228.0
PVD,TPA,190.0
PVU,AUS,160.0
PVU,AZA,100.0
PVU,BNA,204.0
PVU,DFW,163.0
PVU,HOU,180.0
PVU,LAS,101.0
PVU,MDW,189.0
PVU,PDX,124.0
PVU,PHX,104.0
PVU,SAN,120.0
PVU,SFB,261.0
PVU,SNA,111.0
PWM,ATL,177.0
PWM,BNA,165.0
PWM,BWI,95.0
PWM,CLT,154.0
PWM,DCA,112.0
PWM,DEN,278.0
PWM,DFW,252.0
PWM,DTW,131.0
PWM,EWR,100.0
PWM,IAD,114.0
PWM,IAH,275.0
PWM,JFK,83.0
PWM,LGA,87.0
PWM,MCO,212.0
PWM,MDW,155.0
PWM,MSP,185.0
PWM,ORD,177.0
PWM,PHL,98.0
PWM,TPA,232.0
RAP,ATL,182.0
RAP,AZA,143.0
RAP,CLT,204.0
RAP,DEN,94.0
RAP,DFW,141.0
RAP,LAS,142.0
RAP,LAX,186.0
RAP,MSP,101.0
RAP,ORD,141.0
RAP,SFB,230.0
RDD,DEN,155.0
RDD,LAX,109.0
RDD,SEA,106.0
RDD,SFO,72.0
RDM,BUR,153.0
RDM,DEN,147.0
RDM,DFW,213.0
RDM,LAX,141.0
RDM,PDX,59.0
RDM,PHX,148.0
RDM,SAN,145.0
RDM,SEA,82.0
RDM,SFO,107.0
RDM,SLC,106.0
RDU,ATL,92.0
RDU,AUS,200.0
RDU,BNA,100.0
RDU,BOS,123.0
RDU,BUF,102.0
RDU,BWI,70.0
RDU,CLE,100.0
RDU,CLT,70.0
RDU,CVG,104.0
RDU,DAL,175.0
RDU,DCA,77.0
RDU,DEN,234.0
RDU,DFW,194.0
RDU,DTW,110.0
RDU,EWR,100.0
RDU,FLL,128.0
RDU,HOU,180.0
RDU,IAD,72.0
RDU,IAH,188.0
RDU,IND,113.0
RDU,JFK,105.0
RDU,LAS,299.0
RDU,LAX,330.0
RDU,LGA,99.0
RDU,MCI,150.0
RDU,MCO,112.0
RDU,MDW,120.0
RDU,MIA,131.0
RDU,MSP,173.0
RDU,MSY,131.0
RDU,ORD,145.0
RDU,PHL,88.0
RDU,PHX,295.0
RDU,PIT,86.0
RDU,SDF,95.0
RDU,SEA,355.0
RDU,SFO,365.0
RDU,SJU,206.0
RDU,SLC,278.0
RDU,STL,130.0
RDU,SYR,106.0
RDU,TPA,115.0
RFD,AZA,213.0
RFD,BNA,89.0
RFD,LAS,221.0
RFD,PGD,173.0
RFD,PIE,154.0
RFD,SFB,154.0
RFD,SRQ,159.0
RHI,MSP,71.0
RHI,ORD,77.0
RIC,ATL,110.0
RIC,BNA,110.0
RIC,BOS,104.0
RIC,BWI,55.0
RIC,CLT,86.0
RIC,DEN,240.0
RIC,DFW,205.0
RIC,DTW,111.0
RIC,EWR,96.0
RIC,FLL,148.0
RIC,IAD,61.0
RIC,IAH,213.0
RIC,JFK,91.0
RIC,LGA,79.0
RIC,MCO,131.0
RIC,MDW,122.5
RIC,MIA,148.0
RIC,MSP,190.0
RIC,ORD,141.0
RIC,PGD,144.0
RIC,PHL,70.0
RIC,PIE,132.0
RIC,SFB,123.0
RIW,DEN,83.0
RKS,DEN,82.0
RNO,ATL,260.0
RNO,AUS,205.0
RNO,BUR,80.0
RNO,DAL,190.0
RNO,DEN,136.0
RNO,DFW,197.0
RNO,EWR,312.0
RNO,IAH,221.0
RNO,JFK,311.0
RNO,LAS,85.0
RNO,LAX,104.0
RNO,LGB,90.0
RNO,MDW,225.0
RNO,MSP,195.0
RNO,OAK,65.0
RNO,ORD,237.0
RNO,PDX,99.0
RNO,PHX,109.0
RNO,SAN,95.0
RNO,SEA,122.0
RNO,SFO,84.0
RNO,SJC,65.0
RNO,SLC,92.0
ROA,ATL,90.0
ROA,LGA,100.0
ROA,ORD,130.0
ROA,PIE,117.0
ROA,SFB,105.0
ROA,SRQ,123.0
ROC,ATL,139.0
ROC,BWI,75.0
ROC,CLT,122.0
ROC,DCA,83.0
ROC,DTW,83.0
ROC,EWR,81.0
ROC,FLL,190.0
ROC,IAD,84.0
ROC,JFK,84.0
ROC,LAS,300.0
ROC,LGA,78.0
ROC,MCO,173.0
ROC,MDW,110.0
ROC,MIA,209.0
ROC,MYR,113.0
ROC,ORD,127.0
ROC,PGD,186.0
ROC,RSW,185.0
ROC,TPA,170.0
ROW,DFW,98.0
RST,MSP,56.0
RST,ORD,85.0
RSW,ABE,167.0
RSW,ACY,150.0
RSW,ALB,185.0
RSW,ATL,109.0
RSW,ATW,199.0
RSW,BDL,176.0
RSW,BNA,130.0
RSW,BOS,192.0
RSW,BUF,180.0
RSW,BWI,145.0
RSW,CLE,169.0
RSW,CLT,122.0
RSW,CMH,145.0
RSW,CVG,147.0
RSW,DAL,180.0
RSW,DCA,148.0
RSW,DEN,260.0
RSW,DFW,187.0
RSW,DSM,199.0
RSW,DTW,175.0
RSW,EWR,175.0
RSW,GRR,185.0
RSW,HOU,150.0
RSW,HPN,177.0
RSW,IAD,147.0
RSW,IAH,164.0
RSW,IND,155.0
RSW,ISP,179.0
RSW,JFK,172.0
RSW,LAX,351.0
RSW,LGA,169.0
RSW,MCI,190.0
RSW,MCO,55.0
RSW,MDW,175.0
RSW,MHT,191.0
RSW,MKE,185.0
RSW,MSP,220.0
RSW,ORD,196.0
RSW,ORH,180.0
RSW,PHL,164.0
RSW,PHX,292.0
RSW,PIT,150.0
RSW,PVD,175.0
RSW,ROC,180.0
RSW,SDF,147.5
RSW,SEA,397.0
RSW,SFO,379.0
RSW,SLC,304.0
RSW,STL,160.0
RSW,TTN,169.0
SAF,DEN,90.0
SAF,DFW,111.0
SAF,IAH,138.0
SAF,LAX,138.0
SAF,ORD,178.0
SAF,PHX,92.0
SAN,ABQ,110.0
SAN,ANC,346.0
SAN,ATL,257.0
SAN,AUS,175.0
SAN,BLI,175.0
SAN,BNA,240.0
SAN,BOI,140.0
SAN,BOS,343.0
SAN,BWI,300.0
SAN,BZN,170.0
SAN,CLT,284.0
SAN,CMH,260.0
SAN,COS,140.0
SAN,DAL,180.0
SAN,DCA,310.0
SAN,DEN,148.0
SAN,DFW,189.0
SAN,DSM,204.0
SAN,DTW,264.0
SAN,EGE,154.0
SAN,ELP,110.0
SAN,EUG,154.0
SAN,EWR,322.0
SAN,FAT,84.0
SAN,FCA,183.0
SAN,FLL,290.0
SAN,GEG,171.0
SAN,HDN,144.0
SAN,HNL,370.0
SAN,HOU,190.0
SAN,IAD,299.0
SAN,IAH,194.0
SAN,IND,240.0
SAN,JAC,160.0
SAN,JFK,333.0
SAN,KOA,365.0
SAN,LAS,85.0
SAN,LAX,71.0
SAN,LIH,385.5
SAN,MCI,190.0
SAN,MCO,295.0
SAN,MDW,240.0
SAN,MFR,128.0
SAN,MIA,289.0
SAN,MKE,240.0
SAN,MRY,90.0
SAN,MSO,167.0
SAN,MSP,224.0
SAN,MSY,210.0
SAN,OAK,95.0
SAN,OGG,368.0
SAN,OMA,190.0
SAN,ORD,254.0
SAN,PDX,163.0
SAN,PHL,314.0
SAN,PHX,85.0
SAN,PIT,285.0
SAN,PVU,116.0
SAN,RDM,150.0
SAN,RNO,100.0
SAN,SAT,165.0
SAN,SBP,77.0
SAN,SEA,188.0
SAN,SFO,102.0
SAN,SJC,90.0
SAN,SLC,122.0
SAN,SMF,105.0
SAN,STL,215.0
SAN,STS,115.0
SAN,TPA,280.0
SAN,TUS,85.0
SAT,ABQ,105.0
SAT,ATL,141.0
SAT,BNA,135.0
SAT,BOS,249.0
SAT,BUR,197.5
SAT,BWI,200.0
SAT,CLT,170.0
SAT,CMH,170.0
SAT,COS,130.0
SAT,DAL,70.0
SAT,DCA,200.0
SAT,DEN,140.0
SAT,DFW,76.0
SAT,DTW,183.0
SAT,ELP,95.0
SAT,EWR,225.0
SAT,FLL,166.0
SAT,HOU,60.0
SAT,IAD,199.0
SAT,IAH,66.0
SAT,JFK,242.0
SAT,LAS,175.0
SAT,LAX,200.0
SAT,MCI,115.0
SAT,MCO,159.0
SAT,MDW,155.0
SAT,MIA,168.0
SAT,MSP,172.0
SAT,MSY,85.0
SAT,OKC,80.0
SAT,ORD,174.0
SAT,PHL,220.0
SAT,PHX,151.0
SAT,SAN,180.0
SAT,SEA,268.0
SAT,SFO,249.0
SAT,SJU,280.0
SAT,SLC,178.0
SAT,STL,130.0
SAT,TPA,141.0
SAV,ATL,72.0
SAV,ATW,151.0
SAV,AVL,60.0
SAV,BLV,115.0
SAV,BNA,90.0
SAV,BOS,151.0
SAV,BWI,100.0
SAV,CAK,108.0
SAV,CLT,83.0
SAV,CVG,102.0
SAV,DAL,160.0
SAV,DCA,109.0
SAV,DEN,232.0
SAV,DFW,177.0
SAV,DTW,132.0
SAV,EWR,131.0
SAV,FLL,93.0
SAV,GRR,130.0
SAV,HOU,150.0
SAV,IAD,105.0
SAV,IND,111.0
SAV,JFK,129.0
SAV,LCK,99.0
SAV,LGA,130.0
SAV,MDW,135.0
SAV,MIA,93.0
SAV,MSP,183.0
SAV,ORD,156.0
SAV,PGD,92.0
SAV,PHL,122.0
SAV,PIE,84.0
SAV,PIT,106.0
SAV,SDF,96.0
SAV,STL,120.0
SBA,ATL,266.0
SBA,DEN,147.0
SBA,DFW,196.0
SBA,LAS,75.0
SBA,LAX,63.0
SBA,OAK,75.0
SBA,PDX,140.0
SBA,PHX,97.0
SBA,SEA,159.0
SBA,SFO,75.0
SBA,SLC,121.0
SBA,SMF,80.0
SBN,ATL,119.0
SBN,AZA,228.0
SBN,BOI,245.0
SBN,CLT,117.0
SBN,DCA,107.0
SBN,DFW,162.0
SBN,DTW,64.0
SBN,EWR,116.0
SBN,FLL,174.0
SBN,HOU,160.0
SBN,IAD,104.0
SBN,IAH,158.0
SBN,LAS,244.0
SBN,LAX,260.0
SBN,LGA,121.0
SBN,MSP,106.0
SBN,ORD,68.0
SBN,PGD,164.0
SBN,PIE,146.0
SBN,SFB,143.0
SBN,SRQ,150.0
SBN,SYR,107.0
SBN,TYS,80.0
SBP,DEN,156.0
SBP,DFW,203.0
SBP,LAS,89.0
SBP,LAX,77.0
SBP,PDX,130.0
SBP,PHX,103.0
SBP,SAN,74.0
SBP,SEA,152.0
SBP,SFO,72.0
SCC,ANC,104.0
SCE,IAD,67.0
SCE,ORD,126.0
SCK,DEN,144.0
SCK,LAS,81.0
SCK,PHX,107.0
SDF,ATL,89.0
SDF,AUS,160.0
SDF,BNA,55.0
SDF,BOS,146.0
SDF,BWI,95.0
SDF,CLT,95.0
SDF,DAL,130.0
SDF,DCA,103.0
SDF,DEN,180.0
SDF,DFW,146.0
SDF,DTW,86.0
SDF,EWR,134.0
SDF,FLL,151.0
SDF,HOU,150.0
SDF,IAD,98.0
SDF,IAH,154.5
SDF,JFK,143.0
SDF,LAS,250.0
SDF,LAX,275.0
SDF,LGA,132.0
SDF,MCO,125.0
SDF,MDW,75.0
SDF,MIA,157.0
SDF,MSP,133.5
SDF,MYR,87.0
SDF,ORD,98.0
SDF,PGD,135.0
SDF,PHL,120.0
SDF,PHX,240.0
SDF,PIE,121.0
SDF,PIT,75.0
SDF,RDU,84.0
SDF,RSW,135.0
SDF,SAV,93.0
SDF,SFB,118.0
SDF,SFO,312.0
SDF,SLC,235.5
SDF,SRQ,128.0
SDF,TPA,125.0
SDF,VPS,101.0
SEA,ABQ,180.0
SEA,ANC,224.0
SEA,ATL,289.0
SEA,AUS,251.0
SEA,BLI,55.0
SEA,BNA,264.0
SEA,BOI,91.0
SEA,BOS,326.0
SEA,BUR,155.0
SEA,BWI,305.0
SEA,BZN,104.0
SEA,CHS,313.0
SEA,CLE,271.0
SEA,CLT,304.0
SEA,CMH,268.0
SEA,CVG,261.0
SEA,DAL,239.0
SEA,DCA,307.0
SEA,DEN,165.0
SEA,DFW,237.0
SEA,DTW,260.0
SEA,EGE,163.0
SEA,EUG,75.0
SEA,EWR,319.0
SEA,FAI,234.0
SEA,FAT,135.0
SEA,FCA,88.0
SEA,FLL,354.0
SEA,GEG,72.0
SEA,GTF,97.0
SEA,HDN,152.0
SEA,HLN,95.0
SEA,HNL,376.0
SEA,HOU,260.0
SEA,IAD,300.0
SEA,IAH,263.0
SEA,IDA,106.0
SEA,IND,251.0
SEA,JAC,122.0
SEA,JAX,328.0
SEA,JFK,324.0
SEA,JNU,156.0
SEA,KOA,379.0
SEA,KTN,128.0
SEA,LAS,155.0
SEA,LAX,169.0
SEA,LIH,379.0
SEA,LWS,78.0
SEA,MCI,210.0
SEA,MCO,334.0
SEA,MDW,240.0
SEA,MFR,92.0
SEA,MIA,354.0
SEA,MKE,232.0
SEA,MRY,143.0
SEA,MSO,86.0
SEA,MSP,204.0
SEA,MSY,275.0
SEA,OAK,130.0
SEA,OGG,376.0
SEA,OKC,218.0
SEA,OMA,197.0
SEA,ONT,164.0
SEA,ORD,247.0
SEA,PDX,62.0
SEA,PHL,310.0
SEA,PHX,176.0
SEA,PIT,276.0
SEA,PSC,66.0
SEA,PSP,169.0
SEA,RDD,103.0
SEA,RDM,75.0
SEA,RDU,305.0
SEA,RNO,110.0
SEA,RSW,332.0
SEA,SAN,171.0
SEA,SAT,244.0
SEA,SBA,150.0
SEA,SBP,144.0
SEA,SFO,136.0
SEA,SIT,149.0
SEA,SJC,135.0
SEA,SLC,126.0
SEA,SMF,118.0
SEA,SNA,169.0
SEA,STL,235.0
SEA,STS,125.0
SEA,SUN,105.0
SEA,TPA,327.0
SEA,TUS,187.5
SEA,WRG,141.0
SFB,ABE,146.0
SFB,ACY,138.0
SFB,ALB,162.0
SFB,ATW,182.0
SFB,AUS,158.5
SFB,AVL,91.0
SFB,BGR,185.0
SFB,BIS,254.0
SFB,BLV,143.0
SFB,BMI,149.0
SFB,BNA,115.0
SFB,CAE,90.0
SFB,CAK,135.0
SFB,CHA,96.0
SFB,CID,171.0
SFB,CKB,120.0
SFB,CVG,128.0
SFB,DAY,130.0
SFB,DSM,181.0
SFB,ELM,149.0
SFB,EVV,126.0
SFB,EYW,71.0
SFB,FAR,230.0
SFB,FNT,161.0
SFB,FSD,209.0
SFB,FWA,139.0
SFB,GFK,249.0
SFB,GRR,157.0
SFB,GSO,95.0
SFB,GSP,83.0
SFB,HGR,131.0
SFB,HTS,112.0
SFB,IAG,156.0
SFB,ICT,177.0
SFB,IND,137.0
SFB,LCK,129.0
SFB,LEX,117.0
SFB,LIT,132.0
SFB,MDT,137.0
SFB,MEM,124.0
SFB,MFE,185.0
SFB,MLI,163.5
SFB,MOT,261.0
SFB,OKC,164.0
SFB,OMA,190.0
SFB,ORF,110.0
SFB,PBG,175.0
SFB,PIA,155.0
SFB,PIT,132.0
SFB,PSM,166.0
SFB,PVU,294.0
SFB,RAP,248.0
SFB,RFD,165.0
SFB,RIC,112.0
SFB,ROA,109.0
SFB,SBN,150.0
SFB,SDF,128.0
SFB,SGF,158.0
SFB,SHV,133.0
SFB,SWF,161.0
SFB,SYR,158.0
SFB,TOL,144.0
SFB,TRI,100.0
SFB,TUL,167.0
SFB,TVC,174.0
SFB,TYS,97.0
SFB,USA,93.0
SFB,XNA,157.0
SFO,ABQ,155.0
SFO,ACV,81.0
SFO,ANC,293.0
SFO,ASE,147.0
SFO,ATL,281.0
SFO,AUS,215.0
SFO,BFL,79.0
SFO,BIH,76.0
SFO,BNA,264.0
SFO,BOI,106.0
SFO,BOS,343.0
SFO,BUR,83.0
SFO,BWI,317.0
SFO,BZN,139.0
SFO,CLE,285.0
SFO,CLT,304.0
SFO,CMH,283.0
SFO,DCA,314.0
SFO,DEN,159.0
SFO,DFW,214.0
SFO,DTW,270.0
SFO,EGE,161.5
SFO,EUG,98.0
SFO,EWR,335.0
SFO,FAT,70.0
SFO,FCA,150.0
SFO,FLL,329.0
SFO,GEG,134.0
SFO,HDN,153.0
SFO,HNL,336.0
SFO,IAD,310.0
SFO,IAH,234.0
SFO,IND,261.0
SFO,JAC,133.0
SFO,JFK,340.0
SFO,KOA,331.0
SFO,LAS,102.0
SFO,LAX,92.0
SFO,LIH,347.0
SFO,MCI,223.0
SFO,MCO,323.0
SFO,MDW,245.0
SFO,MFR,86.0
SFO,MIA,333.0
SFO,MRY,60.0
SFO,MSN,231.0
SFO,MSO,134.0
SFO,MSP,220.0
SFO,MSY,255.5
SFO,MTJ,142.0
SFO,OGG,330.0
SFO,OMA,210.0
SFO,ONT,88.0
SFO,ORD,262.0
SFO,OTH,104.0
SFO,PDX,110.0
SFO,PHL,324.0
SFO,PHX,122.0
SFO,PIT,292.0
SFO,PSC,122.0
SFO,PSP,99.0
SFO,RDD,70.0
SFO,RDM,100.0
SFO,RDU,311.0
SFO,RNO,70.0
SFO,RSW,314.0
SFO,SAN,99.0
SFO,SAT,216.0
SFO,SBA,77.0
SFO,SBP,73.0
SFO,SDF,267.0
SFO,SEA,137.0
SFO,SLC,115.0
SFO,SMF,56.0
SFO,SNA,98.0
SFO,STL,232.0
SFO,SUN,112.0
SFO,TPA,309.0
SFO,TUS,134.0
SFO,XNA,222.0
SGF,ATL,114.0
SGF,AZA,173.0
SGF,CLT,132.0
SGF,DEN,134.0
SGF,DFW,93.0
SGF,IAH,129.0
SGF,LAS,191.0
SGF,LAX,222.0
SGF,MIA,167.5
SGF,ORD,105.0
SGF,PGD,147.0
SGF,PIE,133.0
SGF,SFB,137.0
SGF,VPS,110.0
SGU,DEN,115.0
SGU,DFW,163.0
SGU,LAX,95.0
SGU,PHX,77.0
SGU,SLC,74.0
SHR,DEN,94.0
SHV,ATL,110.0
SHV,BNA,95.0
SHV,CLT,140.0
SHV,DEN,154.0
SHV,DFW,76.0
SHV,IAH,74.0
SHV,LAS,200.0
SHV,SFB,125.0
SHV,VPS,93.0
SIT,JNU,43.0
SIT,KTN,54.0
SIT,SEA,140.0
SJC,ATL,279.0
SJC,AUS,200.0
SJC,BNA,260.0
SJC,BOI,100.0
SJC,BUR,70.0
SJC,BWI,305.0
SJC,DAL,205.0
SJC,DEN,153.0
SJC,DFW,216.0
SJC,DTW,275.0
SJC,EUG,95.0
SJC,GEG,125.0
SJC,HNL,338.0
SJC,HOU,220.0
SJC,IAH,231.0
SJC,KOA,340.0
SJC,LAS,90.0
SJC,LAX,85.0
SJC,LGB,80.0
SJC,LIH,344.0
SJC,MDW,245.0
SJC,MSP,224.0
SJC,OGG,327.0
SJC,ONT,75.0
SJC,ORD,262.0
SJC,PDX,110.0
SJC,PHX,115.0
SJC,PSP,85.0
SJC,RDM,98.5
SJC,RNO,65.0
SJC,SAN,85.0
SJC,SEA,137.0
SJC,SLC,117.0
SJC,SNA,85.0
SJC,STL,230.0
SJT,DFW,73.0
SJU,ATL,244.0
SJU,AUS,325.0
SJU,BDL,243.0
SJU,BNA,270.0
SJU,BOS,253.0
SJU,BWI,250.0
SJU,CLE,296.0
SJU,CLT,240.0
SJU,DCA,237.0
SJU,DEN,391.0
SJU,DFW,332.0
SJU,DTW,288.0
SJU,EWR,253.0
SJU,FLL,169.0
SJU,HOU,280.0
SJU,HPN,245.0
SJU,IAD,240.0
SJU,IAH,297.0
SJU,JAX,213.0
SJU,JFK,245.0
SJU,LGA,258.0
SJU,MCO,193.0
SJU,MDW,315.0
SJU,MIA,175.0
SJU,MSP,355.0
SJU,MSY,255.0
SJU,ORD,319.0
SJU,PHL,245.0
SJU,PVD,245.0
SJU,RDU,220.0
SJU,SAT,307.0
SJU,STL,305.0
SJU,STT,40.0
SJU,STX,43.0
SJU,TPA,193.0
SLC,ABQ,105.0
SLC,ANC,294.0
SLC,ATL,223.0
SLC,AUS,166.0
SLC,BIL,87.0
SLC,BNA,196.0
SLC,BOI,73.0
SLC,BOS,276.0
SLC,BTM,86.0
SLC,BUR,123.0
SLC,BWI,245.0
SLC,BZN,81.0
SLC,CDC,65.0
SLC,CLE,213.0
SLC,CLT,235.0
SLC,CMH,203.0
SLC,COS,99.0
SLC,CVG,198.0
SLC,DAL,155.0
SLC,DCA,248.0
SLC,DEN,94.0
SLC,DFW,160.0
SLC,DTW,206.0
SLC,EKO,62.0
SLC,EUG,123.0
SLC,EWR,261.0
SLC,FAI,295.0
SLC,FAT,110.0
SLC,FCA,108.0
SLC,FLL,276.0
SLC,GEG,108.0
SLC,GJT,65.0
SLC,GRB,173.0
SLC,GTF,98.0
SLC,HLN,95.0
SLC,HNL,415.0
SLC,HOU,180.0
SLC,IAD,238.0
SLC,IAH,184.0
SLC,IDA,64.0
SLC,IND,188.0
SLC,JAC,67.0
SLC,JFK,271.0
SLC,KOA,413.0
SLC,LAS,90.0
SLC,LAX,125.0
SLC,LBB,125.0
SLC,LGA,266.0
SLC,LGB,120.0
SLC,LIT,178.0
SLC,LWS,101.0
SLC,MCI,144.0
SLC,MCO,260.0
SLC,MDW,185.0
SLC,MEM,177.0
SLC,MFR,118.0
SLC,MIA,277.0
SLC,MKE,177.0
SLC,MSO,97.0
SLC,MSP,154.0
SLC,MSY,199.0
SLC,OAK,120.0
SLC,OGG,411.0
SLC,OKC,143.0
SLC,OMA,141.0
SLC,ONT,111.0
SLC,ORD,195.0
SLC,PDX,121.0
SLC,PHL,252.0
SLC,PHX,104.0
SLC,PIH,58.0
SLC,PIT,221.0
SLC,PSC,107.0
SLC,PSP,113.0
SLC,RDM,113.0
SLC,RDU,242.0
SLC,RNO,94.0
SLC,RSW,261.0
SLC,SAN,116.0
SLC,SAT,164.0
SLC,SBA,128.0
SLC,SDF,194.5
SLC,SEA,139.0
SLC,SFO,133.0
SLC,SGU,72.0
SLC,SJC,120.0
SLC,SMF,105.0
SLC,SNA,117.0
SLC,STL,168.0
SLC,SUN,68.0
SLC,TPA,246.0
SLC,TUL,150.0
SLC,TUS,118.0
SLC,TWF,58.0
SLC,WYS,71.0
SLC,XNA,158.0
SLN,DEN,92.0
SLN,IAH,130.0
SLN,ORD,118.0
SMF,ANC,275.0
SMF,ATL,270.0
SMF,AUS,200.0
SMF,BNA,250.0
SMF,BOI,85.0
SMF,BOS,326.0
SMF,BUR,75.0
SMF,BWI,295.0
SMF,CLT,291.0
SMF,DAL,195.0
SMF,DEN,141.0
SMF,DFW,202.0
SMF,DTW,259.0
SMF,EUG,80.0
SMF,EWR,312.0
SMF,GEG,110.0
SMF,HNL,343.0
SMF,HOU,215.0
SMF,IAD,299.0
SMF,IAH,223.0
SMF,JFK,321.0
SMF,KOA,330.0
SMF,LAS,90.0
SMF,LAX,97.0
SMF,LGB,85.0
SMF,LIH,334.0
SMF,MCI,195.0
SMF,MCO,305.0
SMF,MDW,235.0
SMF,MIA,318.0
SMF,MSP,211.0
SMF,OGG,330.0
SMF,ONT,85.0
SMF,ORD,249.0
SMF,PDX,95.0
SMF,PHX,113.0
SMF,PSP,90.0
SMF,SAN,90.0
SMF,SBA,75.0
SMF,SEA,122.0
SMF,SFO,66.0
SMF,SLC,100.0
SMF,SNA,90.0
SMF,STL,220.0
SMF,TUS,125.0
SMX,LAS,76.0
SMX,PHX,107.0
SNA,ATL,255.0
SNA,AUS,165.0
SNA,BNA,235.0
SNA,BOI,127.0
SNA,CLT,283.0
SNA,COS,148.0
SNA,DAL,175.0
SNA,DEN,140.0
SNA,DFW,184.0
SNA,DSM,198.0
SNA,DTW,258.0
SNA,EUG,140.0
SNA,EWR,312.0
SNA,GEG,146.0
SNA,IAH,193.0
SNA,IDA,130.0
SNA,JFK,329.0
SNA,LAS,74.0
SNA,MFR,123.5
SNA,MSO,146.0
SNA,MSP,220.0
SNA,OAK,85.0
SNA,ORD,250.0
SNA,PDX,150.0
SNA,PHX,80.0
SNA,PVU,102.0
SNA,SEA,177.0
SNA,SFO,94.0
SNA,SJC,80.0
SNA,SLC,115.0
SNA,SMF,90.0
SNA,STS,104.0
SNA,TUS,86.0
SPI,ORD,74.0
SPI,PGD,149.0
SPN,GUM,45.0
SPS,DFW,63.0
SRQ,ABE,160.0
SRQ,ALB,177.0
SRQ,ATL,104.0
SRQ,ATW,189.0
SRQ,AUS,151.0
SRQ,AVL,103.0
SRQ,BLV,145.0
SRQ,BNA,120.0
SRQ,BOS,190.0
SRQ,BUF,165.0
SRQ,BWI,145.0
SRQ,CAK,148.0
SRQ,CID,186.0
SRQ,CLE,164.0
SRQ,CLT,117.0
SRQ,CMH,140.0
SRQ,CVG,138.0
SRQ,DAL,170.0
SRQ,DCA,144.0
SRQ,DEN,250.0
SRQ,DFW,177.0
SRQ,DSM,188.0
SRQ,DTW,168.0
SRQ,ELM,160.0
SRQ,EWR,171.0
SRQ,FNT,175.0
SRQ,FWA,151.0
SRQ,GRR,167.0
SRQ,GSP,99.0
SRQ,HOU,140.0
SRQ,IAD,141.0
SRQ,IAH,167.0
SRQ,IND,145.0
SRQ,JFK,171.0
SRQ,LCK,138.0
SRQ,LEX,126.0
SRQ,LGA,170.0
SRQ,MCI,185.0
SRQ,MCO,55.0
SRQ,MDT,152.0
SRQ,MDW,165.0
SRQ,MIA,62.0
SRQ,MKE,175.0
SRQ,MLI,167.0
SRQ,MSP,215.0
SRQ,OMA,197.0
SRQ,ORD,190.0
SRQ,PBG,192.0
SRQ,PHL,162.0
SRQ,PIA,162.0
SRQ,PIT,145.0
SRQ,PSM,190.0
SRQ,RFD,173.0
SRQ,ROA,126.0
SRQ,SBN,160.0
SRQ,SDF,135.0
SRQ,STL,150.0
SRQ,SYR,174.0
SRQ,TOL,154.0
SRQ,TYS,108.0
STC,AZA,198.0
STC,PGD,208.0
STL,ATL,95.0
STL,AUS,125.0
STL,BNA,70.0
STL,BOS,155.0
STL,BUR,235.0
STL,BWI,120.0
STL,CHS,115.0
STL,CLE,90.0
STL,CLT,115.0
STL,CMH,80.0
STL,DAL,105.0
STL,DCA,120.0
STL,DEN,145.0
STL,DFW,118.0
STL,DSM,70.0
STL,DTW,92.0
STL,ECP,105.0
STL,EWR,155.0
STL,FLL,160.0
STL,HOU,130.0
STL,IAD,132.0
STL,IAH,138.5
STL,ICT,85.0
STL,JAX,115.0
STL,LAS,215.0
STL,LAX,245.0
STL,LGA,145.0
STL,LGB,240.0
STL,LIT,70.0
STL,MCI,65.0
STL,MCO,140.0
STL,MDW,70.0
STL,MGM,98.0
STL,MIA,165.0
STL,MKE,75.0
STL,MSP,96.0
STL,MSY,105.0
STL,MYR,115.0
STL,OAK,270.0
STL,OKC,90.0
STL,OMA,75.0
STL,ORD,85.0
STL,ORF,125.0
STL,PBI,155.0
STL,PDX,250.0
STL,PHL,130.0
STL,PHX,205.0
STL,PIT,95.0
STL,PNS,105.0
STL,RDU,110.0
STL,RSW,145.0
STL,SAN,235.0
STL,SAT,135.0
STL,SAV,110.0
STL,SEA,269.0
STL,SFO,265.0
STL,SJC,255.0
STL,SJU,260.0
STL,SLC,194.0
STL,SMF,255.0
STL,SRQ,140.0
STL,TPA,135.0
STL,TUL,80.0
STL,VPS,110.0
STS,BUR,88.0
STS,DFW,215.0
STS,LAS,99.0
STS,LAX,100.0
STS,PDX,102.0
STS,PHX,125.0
STS,PSP,110.0
STS,SAN,103.0
STS,SEA,126.0
STS,SNA,100.0
STT,ATL,247.0
STT,BOS,262.0
STT,CLT,251.0
STT,DFW,325.0
STT,EWR,273.0
STT,FLL,180.0
STT,IAD,259.0
STT,IAH,306.0
STT,JFK,265.0
STT,MCO,214.0
STT,MIA,188.0
STT,ORD,335.0
STT,PHL,260.0
STT,SJU,47.0
STX,ATL,258.0
STX,CLT,255.0
STX,FLL,184.0
STX,MIA,185.0
STX,ORD,336.0
STX,SJU,49.0
SUN,DEN,122.0
SUN,LAX,153.0
SUN,ORD,213.0
SUN,PHX,143.0
SUN,SEA,120.0
SUN,SFO,137.0
SUN,SLC,66.0
SUX,DEN,108.0
SUX,ORD,107.0
SWF,FLL,205.0
SWF,MYR,121.0
SWF,PGD,189.0
SWF,PIE,180.0
SWF,SFB,167.0
SWO,DFW,75.0
SYR,ATL,147.0
SYR,BNA,134.0
SYR,BOS,70.0
SYR,CLT,129.0
SYR,DCA,89.0
SYR,DEN,238.0
SYR,DFW,226.0
SYR,DTW,92.0
SYR,EWR,86.0
SYR,FLL,194.0
SYR,IAD,91.0
SYR,JFK,76.0
SYR,LGA,77.0
SYR,MCO,179.0
SYR,MIA,213.0
SYR,MSP,175.0
SYR,MYR,116.0
SYR,ORD,136.0
SYR,PGD,183.0
SYR,PHL,73.0
SYR,PIE,177.0
SYR,RDU,110.0
SYR,SBN,117.0
SYR,SFB,166.0
SYR,SRQ,186.0
TLH,ATL,74.0
TLH,BHM,76.0
TLH,CLT,98.0
TLH,DCA,133.0
TLH,DFW,153.5
TLH,GSP,85.0
TLH,MIA,83.0
TOL,AZA,244.0
TOL,PGD,162.0
TOL,PIE,145.0
TOL,SFB,139.0
TOL,SRQ,150.0
TPA,ACY,145.0
TPA,ALB,170.0
TPA,ATL,96.0
TPA,AUS,160.0
TPA,BDL,170.0
TPA,BHM,90.0
TPA,BNA,115.0
TPA,BOS,186.0
TPA,BTV,195.0
TPA,BUF,160.0
TPA,BWI,140.0
TPA,CLE,159.0
TPA,CLT,110.0
TPA,CMH,135.0
TPA,CVG,137.0
TPA,DAL,160.0
TPA,DCA,138.0
TPA,DEN,245.0
TPA,DFW,177.0
TPA,DTW,164.0
TPA,EWR,166.0
TPA,FLL,66.0
TPA,GRR,178.0
TPA,HOU,145.0
TPA,HPN,171.0
TPA,IAD,139.0
TPA,IAH,153.0
TPA,IND,140.0
TPA,ISP,164.5
TPA,JFK,166.0
TPA,LAS,299.5
TPA,LAX,327.0
TPA,LGA,162.0
TPA,MCI,175.0
TPA,MDW,165.0
TPA,MEM,120.0
TPA,MHT,180.0
TPA,MIA,69.0
TPA,MKE,170.0
TPA,MSP,206.0
TPA,MSY,105.0
TPA,OMA,190.0
TPA,ORD,183.0
TPA,PDX,372.5
TPA,PHL,156.0
TPA,PHX,280.0
TPA,PIT,140.0
TPA,PVD,175.0
TPA,PWM,198.0
TPA,RDU,110.0
TPA,ROC,165.0
TPA,SAN,314.0
TPA,SAT,170.0
TPA,SDF,130.0
TPA,SEA,375.0
TPA,SFO,353.0
TPA,SJU,176.0
TPA,SLC,286.0
TPA,STL,150.0
TPA,TTN,161.0
TRI,ATL,75.0
TRI,CLT,71.0
TRI,DFW,163.0
TRI,PIE,99.0
TRI,SFB,93.0
TTN,ATL,143.0
TTN,MCO,168.0
TTN,MYR,105.0
TTN,PBI,179.0
TTN,RSW,188.0
TTN,TPA,170.0
TUL,ATL,120.0
TUL,AUS,90.0
TUL,BNA,95.0
TUL,CLT,146.0
TUL,DAL,65.0
TUL,DCA,165.0
TUL,DEN,115.0
TUL,DFW,81.0
TUL,HOU,95.0
TUL,IAH,105.0
TUL,LAS,175.0
TUL,LAX,209.0
TUL,LGA,190.0
TUL,MCO,155.0
TUL,MDW,105.0
TUL,MIA,180.0
TUL,ORD,124.0
TUL,PHX,163.0
TUL,PIE,141.0
TUL,SFB,146.0
TUL,SLC,170.0
TUL,STL,75.0
TUL,VPS,114.0
TUS,ATL,210.0
TUS,DAL,130.0
TUS,DEN,116.0
TUS,DFW,136.0
TUS,HOU,140.0
TUS,IAH,145.0
TUS,LAS,85.0
TUS,LAX,106.0
TUS,MDW,195.0
TUS,MSP,192.0
TUS,ORD,212.0
TUS,PDX,199.0
TUS,PHX,58.0
TUS,SAN,80.0
TUS,SEA,205.0
TUS,SFO,147.0
TUS,SLC,120.0
TUS,SMF,136.0
TUS,SNA,102.0
TVC,ATL,138.0
TVC,AZA,242.0
TVC,BOS,133.0
TVC,CLT,135.0
TVC,DCA,112.0
TVC,DEN,176.0
TVC,DFW,173.0
TVC,DTW,68.0
TVC,FLL,220.0
TVC,IAD,104.0
TVC,IAH,210.0
TVC,LGA,129.0
TVC,MSP,90.0
TVC,ORD,84.0
TVC,PGD,195.0
TVC,PHL,115.0
TVC,PIE,175.0
TVC,SFB,176.0
TWF,SLC,60.0
TXK,DFW,73.0
TYR,DFW,63.0
TYS,ATL,65.0
TYS,AUS,152.0
TYS,BHM,61.0
TYS,BLV,77.0
TYS,BOS,134.0
TYS,CLT,78.0
TYS,DCA,98.0
TYS,DEN,207.0
TYS,DFW,152.0
TYS,EWR,110.0
TYS,EYW,131.0
TYS,FLL,123.0
TYS,GUF,94.0
TYS,HOU,138.0
TYS,IAD,98.0
TYS,JAX,78.0
TYS,LAS,264.0
TYS,LGA,122.0
TYS,MCO,101.0
TYS,MDW,93.0
TYS,MEM,84.0
TYS,MIA,130.0
TYS,MSP,138.5
TYS,OKC,142.0
TYS,ORD,122.0
TYS,PGD,112.0
TYS,PHL,115.0
TYS,PHX,245.0
TYS,PIE,101.0
TYS,SBN,83.0
TYS,SFB,95.0
TYS,SRQ,105.0
TYS,VPS,81.0
USA,FLL,117.0
USA,PGD,111.0
USA,PIE,101.0
USA,SFB,89.0
VCT,IAH,55.0
VPS,ATL,76.0
VPS,AVL,90.0
VPS,BLV,106.0
VPS,BNA,90.0
VPS,BOS,181.0
VPS,BWI,135.0
VPS,CAK,131.0
VPS,CKB,119.0
VPS,CLT,107.0
VPS,CVG,113.0
VPS,DAL,125.0
VPS,DCA,137.0
VPS,DFW,139.0
VPS,DSM,141.5
VPS,DTW,152.0
VPS,EVV,100.0
VPS,EWR,155.0
VPS,FNT,150.0
VPS,GRR,135.0
VPS,HOU,110.0
VPS,HTS,103.0
VPS,IAD,140.5
VPS,ICT,136.0
VPS,IND,113.0
VPS,LAS,268.0
VPS,LCK,118.0
VPS,LEX,99.0
VPS,LIT,90.0
VPS,MCI,135.0
VPS,MDW,139.0
VPS,MEM,86.0
VPS,MIA,105.0
VPS,MSP,178.0
VPS,OKC,132.0
VPS,OMA,155.0
VPS,ORD,159.0
VPS,PHL,158.0
VPS,PIA,127.0
VPS,PIT,128.0
VPS,SDF,102.0
VPS,SGF,114.0
VPS,SHV,93.0
VPS,STL,115.0
VPS,TUL,119.0
VPS,TYS,81.0
VPS,XNA,113.0
VRB,BOS,177.0
VRB,JFK,154.0
WRG,KTN,37.0
WRG,PSG,25.0
WYS,DEN,103.0
WYS,SLC,71.0
XNA,ATL,113.0
XNA,AUS,97.0
XNA,AZA,172.0
XNA,BNA,84.0
XNA,CLT,137.0
XNA,DCA,158.0
XNA,DEN,131.0
XNA,DFW,85.0
XNA,DTW,129.0
XNA,EWR,166.0
XNA,FLL,163.0
XNA,GUF,102.0
XNA,IAH,117.0
XNA,LAS,182.0
XNA,LAX,224.0
XNA,LGA,180.0
XNA,MIA,170.0
XNA,MSP,122.0
XNA,ORD,114.0
XNA,PHL,163.5
XNA,PHX,179.0
XNA,PIE,132.0
XNA,SFB,137.0
XNA,SFO,241.0
XNA,SLC,180.0
XNA,VPS,106.0
XWA,DEN,124.0
XWA,MSP,115.0
YAK,CDV,56.0
YAK,JNU,53.0
YUM,DFW,164.0
YUM,PHX,61.0
